"ts","current","datetime","temperature"
"1760186630","0.0689","2025-10-11T18:13:50+05:30","71.11"
"1760005013","'-0.0312","2025-10-09T15:46:53+05:30","53.33"
"1760004929","0.0708","2025-10-09T15:45:29+05:30","53.33"
"1760423488","0.19825","2025-10-14T12:01:28+05:30","53.33"
"1760423811","0.09025","2025-10-14T12:06:51+05:30","72.78"
"1760186691","0.1129","2025-10-11T18:14:51+05:30","53.33"
"1760187018","0.1359","2025-10-11T18:20:18+05:30","53.33"
"1760424240","0.19525","2025-10-14T12:14:00+05:30","53.33"
"1760186991","0.1269","2025-10-11T18:19:51+05:30","73.33"
"1760423612","0.22325","2025-10-14T12:03:32+05:30","72.22"
"1760187106","0.1589","2025-10-11T18:21:46+05:30","72.78"
"1759487094","'-0.01705","2025-10-03T15:54:54+05:30","53.33"
"1760004870","0.1488","2025-10-09T15:44:30+05:30","53.33"
"1760186726","0.0899","2025-10-11T18:15:26+05:30","71.67"
"1760423871","0.11725","2025-10-14T12:07:51+05:30","53.33"
"1760186915","0.1299","2025-10-11T18:18:35+05:30","53.33"
"1760186708","0.1049","2025-10-11T18:15:08+05:30","72.22"
"1760186953","0.1899","2025-10-11T18:19:13+05:30","53.33"
"7","'-0.0272","1970-01-01T00:00:07+05:30","53.33"
"1760424119","0.13825","2025-10-14T12:11:59+05:30","53.33"
"1760423860","0.05225","2025-10-14T12:07:40+05:30","53.33"
"1760186850","0.1979","2025-10-11T18:17:30+05:30","53.33"
"1760424064","0.18225","2025-10-14T12:11:04+05:30","53.33"
"1760423947","0.12825","2025-10-14T12:09:07+05:30","73.33"
"1760187072","0.1409","2025-10-11T18:21:12+05:30","53.33"
"1760186917","0.1189","2025-10-11T18:18:37+05:30","73.33"
"1760186834","0.1549","2025-10-11T18:17:14+05:30","72.22"
"1760186957","0.1129","2025-10-11T18:19:17+05:30","53.33"
"1760424026","0.16025","2025-10-14T12:10:26+05:30","73.33"
"1760187038","0.2109","2025-10-11T18:20:38+05:30","53.33"
"1759487084","0.03895","2025-10-03T15:54:44+05:30","66.11"
"1760423793","0.08725","2025-10-14T12:06:33+05:30","53.33"
"1760186883","0.1679","2025-10-11T18:18:03+05:30","73.33"
"1760423576","0.12625","2025-10-14T12:02:56+05:30","71.67"
"1759487101","'-0.00305","2025-10-03T15:55:01+05:30","53.33"
"1760186751","0.1939","2025-10-11T18:15:51+05:30","71.67"
"1760004795","0.2988","2025-10-09T15:43:15+05:30","53.33"
"1760186729","0.1959","2025-10-11T18:15:29+05:30","53.33"
"1760186988","0.1779","2025-10-11T18:19:48+05:30","53.33"
"1760186777","0.1989","2025-10-11T18:16:17+05:30","53.33"
"1760187003","0.2269","2025-10-11T18:20:03+05:30","53.33"
"1760423823","0.11425","2025-10-14T12:07:03+05:30","53.33"
"1760423953","0.21725","2025-10-14T12:09:13+05:30","53.33"
"1760004808","0.1198","2025-10-09T15:43:28+05:30","62.22"
"1760423537","0.11925","2025-10-14T12:02:17+05:30","53.33"
"1760186796","0.1989","2025-10-11T18:16:36+05:30","53.33"
"1760424112","0.14825","2025-10-14T12:11:52+05:30","53.33"
"1760186908","0.0799","2025-10-11T18:18:28+05:30","72.22"
"47","'-0.07605","1970-01-01T00:00:47+05:30","53.33"
"1759487108","'-0.04205","2025-10-03T15:55:08+05:30","53.33"
"1760005069","0.0818","2025-10-09T15:47:49+05:30","53.33"
"1760004879","0.2238","2025-10-09T15:44:39+05:30","53.33"
"1760004984","0.0648","2025-10-09T15:46:24+05:30","65"
"1760004861","0.1608","2025-10-09T15:44:21+05:30","53.33"
"1760423479","0.13025","2025-10-14T12:01:19+05:30","53.33"
"1760186809","0.2149","2025-10-11T18:16:49+05:30","53.33"
"1760186843","0.2259","2025-10-11T18:17:23+05:30","53.33"
"1760004942","0.0688","2025-10-09T15:45:42+05:30","53.33"
"1760423747","0.20125","2025-10-14T12:05:47+05:30","53.33"
"1760423808","0.09925","2025-10-14T12:06:48+05:30","53.33"
"1760186775","0.1369","2025-10-11T18:16:15+05:30","72.78"
"1760005093","0.0388","2025-10-09T15:48:13+05:30","53.33"
"1760187007","0.1489","2025-10-11T18:20:07+05:30","53.33"
"1760423855","0.11325","2025-10-14T12:07:35+05:30","53.33"
"1760186638","0.1479","2025-10-11T18:13:58+05:30","53.33"
"1760423815","0.15625","2025-10-14T12:06:55+05:30","73.89"
"1760424245","0.06925","2025-10-14T12:14:05+05:30","53.33"
"1760424228","0.20125","2025-10-14T12:13:48+05:30","53.33"
"1760424193","0.18025","2025-10-14T12:13:13+05:30","53.33"
"1760004842","0.0338","2025-10-09T15:44:02+05:30","53.33"
"1760186706","0.1849","2025-10-11T18:15:06+05:30","53.33"
"1760424055","0.14225","2025-10-14T12:10:55+05:30","53.33"
"1760423584","0.17325","2025-10-14T12:03:04+05:30","71.67"
"1760424249","0.08725","2025-10-14T12:14:09+05:30","53.33"
"1760186734","0.1069","2025-10-11T18:15:34+05:30","71.67"
"1760187074","0.0259","2025-10-11T18:21:14+05:30","53.33"
"1760187029","0.1369","2025-10-11T18:20:29+05:30","73.33"
"1760186749","0.1429","2025-10-11T18:15:49+05:30","72.78"
"1760004800","0.1798","2025-10-09T15:43:20+05:30","53.33"
"1760423761","0.13525","2025-10-14T12:06:01+05:30","53.33"
"1760186934","0.2369","2025-10-11T18:18:54+05:30","53.33"
"1760187088","0.0889","2025-10-11T18:21:28+05:30","53.33"
"1760187090","0.1569","2025-10-11T18:21:30+05:30","53.33"
"1760004785","'-0.0152","2025-10-09T15:43:05+05:30","62.22"
"1760423827","0.05925","2025-10-14T12:07:07+05:30","73.33"
"1760004773","0.1108","2025-10-09T15:42:53+05:30","61.11"
"1760004965","0.1338","2025-10-09T15:46:05+05:30","53.33"
"1760186972","0.0529","2025-10-11T18:19:32+05:30","53.33"
"1760424174","0.10825","2025-10-14T12:12:54+05:30","73.33"
"1760186827","0.1629","2025-10-11T18:17:07+05:30","72.78"
"1759487083","0.08495","2025-10-03T15:54:43+05:30","66.11"
"1760423563","0.08525","2025-10-14T12:02:43+05:30","53.33"
"1760424244","0.15825","2025-10-14T12:14:04+05:30","53.33"
"1760423955","0.22425","2025-10-14T12:09:15+05:30","73.89"
"1759487112","'-0.10805","2025-10-03T15:55:12+05:30","53.33"
"1760186696","0.1379","2025-10-11T18:14:56+05:30","53.33"
"79","0.09295","1970-01-01T00:01:19+05:30","64.44"
"1760424211","0.10925","2025-10-14T12:13:31+05:30","72.78"
"1760004850","0.1308","2025-10-09T15:44:10+05:30","63.89"
"1760423892","0.17925","2025-10-14T12:08:12+05:30","73.33"
"1760423547","0.06925","2025-10-14T12:02:27+05:30","53.33"
"1760005107","0.0708","2025-10-09T15:48:27+05:30","53.33"
"1760005099","0.0268","2025-10-09T15:48:19+05:30","67.22"
"1760005096","0.1608","2025-10-09T15:48:16+05:30","65.56"
"1760424207","0.10825","2025-10-14T12:13:27+05:30","53.33"
"1760424017","0.14025","2025-10-14T12:10:17+05:30","53.33"
"1760004928","0.0488","2025-10-09T15:45:28+05:30","53.33"
"1760005100","0.1118","2025-10-09T15:48:20+05:30","66.11"
"1760186779","0.1249","2025-10-11T18:16:19+05:30","73.33"
"1760005005","0.1948","2025-10-09T15:46:45+05:30","53.33"
"1760423924","0.15325","2025-10-14T12:08:44+05:30","73.33"
"1760186707","0.0679","2025-10-11T18:15:07+05:30","72.22"
"1760423792","0.08325","2025-10-14T12:06:32+05:30","53.33"
"1760423585","0.13425","2025-10-14T12:03:05+05:30","71.67"
"1760424126","0.10825","2025-10-14T12:12:06+05:30","53.33"
"1760187086","0.2159","2025-10-11T18:21:26+05:30","53.33"
"1760423471","0.14525","2025-10-14T12:01:11+05:30","69.44"
"1760186643","0.0869","2025-10-11T18:14:03+05:30","70.56"
"1760186864","0.1659","2025-10-11T18:17:44+05:30","53.33"
"1760004947","0.1858","2025-10-09T15:45:47+05:30","53.33"
"69","'-0.06805","1970-01-01T00:01:09+05:30","53.33"
"1760187020","0.1109","2025-10-11T18:20:20+05:30","53.33"
"1760186662","0.0919","2025-10-11T18:14:22+05:30","53.33"
"1760424189","0.17925","2025-10-14T12:13:09+05:30","53.33"
"1760423729","0.12525","2025-10-14T12:05:29+05:30","53.33"
"1760187034","0.1249","2025-10-11T18:20:34+05:30","73.33"
"1760005102","0.0768","2025-10-09T15:48:22+05:30","65"
"1760186609","0.1279","2025-10-11T18:13:29+05:30","53.33"
"1760187065","0.1969","2025-10-11T18:21:05+05:30","73.33"
"1760423462","0.10025","2025-10-14T12:01:02+05:30","70.56"
"1760423468","0.02625","2025-10-14T12:01:08+05:30","53.33"
"1760423546","0.11825","2025-10-14T12:02:26+05:30","53.33"
"1760424253","0.08925","2025-10-14T12:14:13+05:30","53.33"
"1760186891","0.2099","2025-10-11T18:18:11+05:30","53.33"
"1760423550","0.10525","2025-10-14T12:02:30+05:30","53.33"
"1760005089","0.0328","2025-10-09T15:48:09+05:30","53.33"
"1760186823","0.1109","2025-10-11T18:17:03+05:30","72.78"
"1760004833","0.1438","2025-10-09T15:43:53+05:30","53.33"
"1760423497","0.09525","2025-10-14T12:01:37+05:30","53.33"
"1760186801","0.0629","2025-10-11T18:16:41+05:30","53.33"
"1760004827","0.1758","2025-10-09T15:43:47+05:30","53.33"
"8","0.0248","1970-01-01T00:00:08+05:30","53.33"
"1760004943","0.0328","2025-10-09T15:45:43+05:30","53.33"
"1760424015","0.09225","2025-10-14T12:10:15+05:30","75"
"1760187046","0.1539","2025-10-11T18:20:46+05:30","73.89"
"1760186703","0.1349","2025-10-11T18:15:03+05:30","71.11"
"1760424027","0.12525","2025-10-14T12:10:27+05:30","53.33"
"1760424143","0.17825","2025-10-14T12:12:23+05:30","72.78"
"1760186697","0.0829","2025-10-11T18:14:57+05:30","71.67"
"1760423469","0.14625","2025-10-14T12:01:09+05:30","53.33"
"62","0.09895","1970-01-01T00:01:02+05:30","63.33"
"1760005071","0.2198","2025-10-09T15:47:51+05:30","53.33"
"1760424160","0.18525","2025-10-14T12:12:40+05:30","53.33"
"1760423830","0.06025","2025-10-14T12:07:10+05:30","72.78"
"1760004782","0.0698","2025-10-09T15:43:02+05:30","62.22"
"1760186920","0.1459","2025-10-11T18:18:40+05:30","53.33"
"1760187058","0.1529","2025-10-11T18:20:58+05:30","73.33"
"1760187061","0.1729","2025-10-11T18:21:01+05:30","53.33"
"1760423777","0.10925","2025-10-14T12:06:17+05:30","53.33"
"1760186868","0.1689","2025-10-11T18:17:48+05:30","53.33"
"1760005084","0.1378","2025-10-09T15:48:04+05:30","66.67"
"1760423773","0.14325","2025-10-14T12:06:13+05:30","53.33"
"1760423801","0.16425","2025-10-14T12:06:41+05:30","53.33"
"1760423538","0.06525","2025-10-14T12:02:18+05:30","53.33"
"54","'-0.07805","1970-01-01T00:00:54+05:30","53.33"
"1760424035","0.14025","2025-10-14T12:10:35+05:30","53.33"
"1760423517","0.06925","2025-10-14T12:01:57+05:30","70"
"1760186839","0.1079","2025-10-11T18:17:19+05:30","53.33"
"1760424076","0.07425","2025-10-14T12:11:16+05:30","53.33"
"1760186941","0.1809","2025-10-11T18:19:01+05:30","53.33"
"1760424138","0.23125","2025-10-14T12:12:18+05:30","53.33"
"1760187071","0.1389","2025-10-11T18:21:11+05:30","73.33"
"1760186978","0.0739","2025-10-11T18:19:38+05:30","53.33"
"1760005014","0.1448","2025-10-09T15:46:54+05:30","53.33"
"1760423866","0.09825","2025-10-14T12:07:46+05:30","53.33"
"1760187062","0.1559","2025-10-11T18:21:02+05:30","53.33"
"1760004797","0.1358","2025-10-09T15:43:17+05:30","53.33"
"1760005078","0.0948","2025-10-09T15:47:58+05:30","53.33"
"1760186959","0.1599","2025-10-11T18:19:19+05:30","53.33"
"1760423767","0.13525","2025-10-14T12:06:07+05:30","53.33"
"1760004818","0.1218","2025-10-09T15:43:38+05:30","63.33"
"1760424120","0.18325","2025-10-14T12:12:00+05:30","53.33"
"1760424117","0.13025","2025-10-14T12:11:57+05:30","53.33"
"1760004921","0.0818","2025-10-09T15:45:21+05:30","53.33"
"1760186683","0.0739","2025-10-11T18:14:43+05:30","71.67"
"75","0.03795","1970-01-01T00:01:15+05:30","63.33"
"1760004884","0.1808","2025-10-09T15:44:44+05:30","53.33"
"1760424060","0.13725","2025-10-14T12:11:00+05:30","53.33"
"1760423910","0.15525","2025-10-14T12:08:30+05:30","73.89"
"1760423531","0.22925","2025-10-14T12:02:11+05:30","53.33"
"1760004936","0.2398","2025-10-09T15:45:36+05:30","53.33"
"1760424100","0.24125","2025-10-14T12:11:40+05:30","53.33"
"1760004971","'-0.0402","2025-10-09T15:46:11+05:30","53.33"
"1760005040","0.0198","2025-10-09T15:47:20+05:30","53.33"
"89","0.09495","1970-01-01T05:31:29+05:30","65"
"1760004843","0.1988","2025-10-09T15:44:03+05:30","53.33"
"32","0.1018","1970-01-01T00:00:32+05:30","58.89"
"1760424180","0.21025","2025-10-14T12:13:00+05:30","53.33"
"1760186740","0.2669","2025-10-11T18:15:40+05:30","53.33"
"1760186598","0.1209","2025-10-11T18:13:18+05:30","53.33"
"1760424196","0.15825","2025-10-14T12:13:16+05:30","53.33"
"1760186845","0.1599","2025-10-11T18:17:25+05:30","53.33"
"1760005092","0.0998","2025-10-09T15:48:12+05:30","53.33"
"1760186847","0.2469","2025-10-11T18:17:27+05:30","53.33"
"1760186888","0.0959","2025-10-11T18:18:08+05:30","73.33"
"1760187107","0.2099","2025-10-11T18:21:47+05:30","74.44"
"1760186651","0.1279","2025-10-11T18:14:11+05:30","53.33"
"1760187026","0.1589","2025-10-11T18:20:26+05:30","53.33"
"1760423619","0.08325","2025-10-14T12:03:39+05:30","72.78"
"1760186679","0.0809","2025-10-11T18:14:39+05:30","71.11"
"1760004970","0.0108","2025-10-09T15:46:10+05:30","53.33"
"1760186602","0.1669","2025-10-11T18:13:22+05:30","53.33"
"1760186983","0.1479","2025-10-11T18:19:43+05:30","53.33"
"1760187055","0.1709","2025-10-11T18:20:55+05:30","53.33"
"1760004938","0.1868","2025-10-09T15:45:38+05:30","53.33"
"1760423903","0.09525","2025-10-14T12:08:23+05:30","53.33"
"1760004972","0.0978","2025-10-09T15:46:12+05:30","65.56"
"1760186788","0.1449","2025-10-11T18:16:28+05:30","53.33"
"1760423802","0.19925","2025-10-14T12:06:42+05:30","53.33"
"1760186595","0.1819","2025-10-11T18:13:15+05:30","53.33"
"1760005012","0.1438","2025-10-09T15:46:52+05:30","53.33"
"1760186790","0.2159","2025-10-11T18:16:30+05:30","53.33"
"1760187099","0.1989","2025-10-11T18:21:39+05:30","53.33"
"1760424058","0.24525","2025-10-14T12:10:58+05:30","73.33"
"1760186781","0.1059","2025-10-11T18:16:21+05:30","72.22"
"1760423966","0.12625","2025-10-14T12:09:26+05:30","53.33"
"1760186882","0.0299","2025-10-11T18:18:02+05:30","73.33"
"1760186802","0.2309","2025-10-11T18:16:42+05:30","53.33"
"1760423744","0.18425","2025-10-14T12:05:44+05:30","53.33"
"1760187022","0.1709","2025-10-11T18:20:22+05:30","53.33"
"1760423829","0.14825","2025-10-14T12:07:09+05:30","53.33"
"1760424086","0.15325","2025-10-14T12:11:26+05:30","53.33"
"1760423560","0.13425","2025-10-14T12:02:40+05:30","53.33"
"1760005105","0.2248","2025-10-09T15:48:25+05:30","53.33"
"1760186863","0.1899","2025-10-11T18:17:43+05:30","73.33"
"1760186615","0.1319","2025-10-11T18:13:35+05:30","53.33"
"1760186624","0.1339","2025-10-11T18:13:44+05:30","71.11"
"1760423887","0.15625","2025-10-14T12:08:07+05:30","73.33"
"1760423491","0.09225","2025-10-14T12:01:31+05:30","53.33"
"1760423556","0.10325","2025-10-14T12:02:36+05:30","53.33"
"1759487107","'-0.04405","2025-10-03T15:55:07+05:30","53.33"
"1760424092","0.14625","2025-10-14T12:11:32+05:30","53.33"
"1760186605","0.0429","2025-10-11T18:13:25+05:30","71.11"
"1760423781","0.11825","2025-10-14T12:06:21+05:30","53.33"
"1760423476","0.08225","2025-10-14T12:01:16+05:30","68.89"
"1760423611","0.13825","2025-10-14T12:03:31+05:30","53.33"
"1760423894","0.11925","2025-10-14T12:08:14+05:30","53.33"
"1760423978","0.09125","2025-10-14T12:09:38+05:30","73.33"
"1760004829","0.0708","2025-10-09T15:43:49+05:30","63.33"
"1760186613","0.1119","2025-10-11T18:13:33+05:30","71.11"
"1760005031","0.0558","2025-10-09T15:47:11+05:30","53.33"
"1760004918","0.0598","2025-10-09T15:45:18+05:30","53.33"
"1760423895","0.09625","2025-10-14T12:08:15+05:30","72.78"
"1760186860","0.1749","2025-10-11T18:17:40+05:30","72.22"
"1760005061","0.1158","2025-10-09T15:47:41+05:30","53.33"
"1760005076","0.1308","2025-10-09T15:47:56+05:30","53.33"
"1760423734","0.09825","2025-10-14T12:05:34+05:30","53.33"
"1760004823","0.1428","2025-10-09T15:43:43+05:30","63.33"
"1760424195","0.12925","2025-10-14T12:13:15+05:30","53.33"
"1760186787","0.1719","2025-10-11T18:16:27+05:30","72.22"
"1760423526","0.21325","2025-10-14T12:02:06+05:30","53.33"
"1760005091","0.0118","2025-10-09T15:48:11+05:30","65"
"1760004996","0.0538","2025-10-09T15:46:36+05:30","53.33"
"1760423751","0.09125","2025-10-14T12:05:51+05:30","73.33"
"1760004917","0.1088","2025-10-09T15:45:17+05:30","53.33"
"1760186901","0.1429","2025-10-11T18:18:21+05:30","72.78"
"1760423917","0.12825","2025-10-14T12:08:37+05:30","53.33"
"1760423724","0.09325","2025-10-14T12:05:24+05:30","73.33"
"1760423466","0.15225","2025-10-14T12:01:06+05:30","53.33"
"1760187108","0.1659","2025-10-11T18:21:48+05:30","53.33"
"1760186889","0.1829","2025-10-11T18:18:09+05:30","72.78"
"1760186976","0.1499","2025-10-11T18:19:36+05:30","53.33"
"1760004841","0.1208","2025-10-09T15:44:01+05:30","53.33"
"1760186756","0.1249","2025-10-11T18:15:56+05:30","72.78"
"1760423834","0.07625","2025-10-14T12:07:14+05:30","72.78"
"1760423770","0.16925","2025-10-14T12:06:10+05:30","53.33"
"1760187017","0.1169","2025-10-11T18:20:17+05:30","53.33"
"1760186748","0.0659","2025-10-11T18:15:48+05:30","53.33"
"1760005041","0.0568","2025-10-09T15:47:21+05:30","53.33"
"1760424114","0.14425","2025-10-14T12:11:54+05:30","53.33"
"1760423614","0.06425","2025-10-14T12:03:34+05:30","73.33"
"1760423930","0.07425","2025-10-14T12:08:50+05:30","74.44"
"1760423800","0.10725","2025-10-14T12:06:40+05:30","72.22"
"1760423954","0.17725","2025-10-14T12:09:14+05:30","53.33"
"1760004872","0.1888","2025-10-09T15:44:32+05:30","63.33"
"1760424091","0.20125","2025-10-14T12:11:31+05:30","53.33"
"1760423613","0.17125","2025-10-14T12:03:33+05:30","53.33"
"1760187019","0.0709","2025-10-11T18:20:19+05:30","53.33"
"1760004962","0.1588","2025-10-09T15:46:02+05:30","65.56"
"1760186877","0.0609","2025-10-11T18:17:57+05:30","72.78"
"1760423982","0.06725","2025-10-14T12:09:42+05:30","73.33"
"1760424159","0.15325","2025-10-14T12:12:39+05:30","53.33"
"1760004838","0.1858","2025-10-09T15:43:58+05:30","63.33"
"1760005106","0.1378","2025-10-09T15:48:26+05:30","66.11"
"1760424164","0.11725","2025-10-14T12:12:44+05:30","53.33"
"1760424067","0.23325","2025-10-14T12:11:07+05:30","53.33"
"1760423574","0.18025","2025-10-14T12:02:54+05:30","70"
"1760187032","0.1039","2025-10-11T18:20:32+05:30","53.33"
"1760423904","0.13025","2025-10-14T12:08:24+05:30","73.33"
"1760004941","0.1678","2025-10-09T15:45:41+05:30","53.33"
"1760186646","0.1359","2025-10-11T18:14:06+05:30","53.33"
"1760423814","0.14825","2025-10-14T12:06:54+05:30","74.44"
"1760005029","0.1828","2025-10-09T15:47:09+05:30","53.33"
"1760186776","0.2299","2025-10-11T18:16:16+05:30","72.22"
"1760186612","0.2279","2025-10-11T18:13:32+05:30","53.33"
"1760424070","0.09125","2025-10-14T12:11:10+05:30","53.33"
"1760423518","0.16425","2025-10-14T12:01:58+05:30","53.33"
"1760186592","0.0639","2025-10-11T18:13:12+05:30","53.33"
"1760186763","0.0959","2025-10-11T18:16:03+05:30","71.67"
"1760186805","0.0729","2025-10-11T18:16:45+05:30","72.78"
"1760423857","0.14425","2025-10-14T12:07:37+05:30","72.78"
"56","0.09395","1970-01-01T00:00:56+05:30","62.22"
"1760424150","0.06525","2025-10-14T12:12:30+05:30","73.89"
"1760424046","0.14525","2025-10-14T12:10:46+05:30","53.33"
"1760424030","0.14425","2025-10-14T12:10:30+05:30","73.89"
"1760424136","0.13025","2025-10-14T12:12:16+05:30","73.33"
"1760423536","0.23525","2025-10-14T12:02:16+05:30","53.33"
"1760186639","0.1789","2025-10-11T18:13:59+05:30","53.33"
"1760423963","0.17325","2025-10-14T12:09:23+05:30","73.33"
"1760004793","0.2258","2025-10-09T15:43:13+05:30","53.33"
"1760424255","0.17725","2025-10-14T12:14:15+05:30","53.33"
"1760424212","0.15825","2025-10-14T12:13:32+05:30","72.78"
"1760004995","0.0608","2025-10-09T15:46:35+05:30","65.56"
"1760186719","0.1279","2025-10-11T18:15:19+05:30","72.22"
"1760186736","0.1059","2025-10-11T18:15:36+05:30","53.33"
"1760186700","0.0789","2025-10-11T18:15:00+05:30","72.22"
"1760186655","0.2459","2025-10-11T18:14:15+05:30","71.11"
"1760005095","0.0348","2025-10-09T15:48:15+05:30","66.11"
"1760186594","0.0599","2025-10-11T18:13:14+05:30","71.11"
"1760423832","0.11325","2025-10-14T12:07:12+05:30","71.67"
"1759487089","0.09695","2025-10-03T15:54:49+05:30","64.44"
"1760186952","0.1339","2025-10-11T18:19:12+05:30","53.33"
"1760423741","0.07225","2025-10-14T12:05:41+05:30","72.78"
"1760423486","0.10925","2025-10-14T12:01:26+05:30","53.33"
"1760423543","0.11725","2025-10-14T12:02:23+05:30","70.56"
"1760187008","0.1749","2025-10-11T18:20:08+05:30","53.33"
"1760424081","0.18125","2025-10-14T12:11:21+05:30","53.33"
"1760424163","0.13625","2025-10-14T12:12:43+05:30","73.33"
"1760187097","0.2499","2025-10-11T18:21:37+05:30","53.33"
"1760187101","0.0779","2025-10-11T18:21:41+05:30","73.33"
"1760186759","0.1389","2025-10-11T18:15:59+05:30","72.78"
"1760186852","0.1129","2025-10-11T18:17:32+05:30","53.33"
"1760423925","0.06825","2025-10-14T12:08:45+05:30","72.78"
"1760423929","0.14625","2025-10-14T12:08:49+05:30","53.33"
"1760423812","0.11025","2025-10-14T12:06:52+05:30","53.33"
"1760005030","'-0.0242","2025-10-09T15:47:10+05:30","53.33"
"1760186722","0.1839","2025-10-11T18:15:22+05:30","53.33"
"1760186671","0.0199","2025-10-11T18:14:31+05:30","71.67"
"1760423951","0.16625","2025-10-14T12:09:11+05:30","53.33"
"1760186724","0.0449","2025-10-11T18:15:24+05:30","72.22"
"1760186716","0.1109","2025-10-11T18:15:16+05:30","53.33"
"1760423464","0.04925","2025-10-14T12:01:04+05:30","53.33"
"1760186998","0.2209","2025-10-11T18:19:58+05:30","72.78"
"1760423905","0.10825","2025-10-14T12:08:25+05:30","72.78"
"1760423914","0.19425","2025-10-14T12:08:34+05:30","73.89"
"1760423763","0.09825","2025-10-14T12:06:03+05:30","72.78"
"1760004935","0.0268","2025-10-09T15:45:35+05:30","65"
"1760004839","0.1268","2025-10-09T15:43:59+05:30","53.33"
"1760005037","0.1568","2025-10-09T15:47:17+05:30","65.56"
"44","0.0018","1970-01-01T05:30:44+05:30","60.56"
"1760423780","0.13525","2025-10-14T12:06:20+05:30","53.33"
"1760423617","0.05725","2025-10-14T12:03:37+05:30","71.67"
"1760423957","0.16425","2025-10-14T12:09:17+05:30","73.89"
"39","0.1578","1970-01-01T00:00:39+05:30","62.22"
"1760186666","0.1719","2025-10-11T18:14:26+05:30","71.67"
"1760423565","0.06025","2025-10-14T12:02:45+05:30","70.56"
"1760186730","0.2009","2025-10-11T18:15:30+05:30","53.33"
"1760424191","0.23125","2025-10-14T12:13:11+05:30","53.33"
"1760186878","0.1879","2025-10-11T18:17:58+05:30","53.33"
"1760004885","0.0448","2025-10-09T15:44:45+05:30","65"
"1760005049","0.0848","2025-10-09T15:47:29+05:30","53.33"
"1760423900","0.09125","2025-10-14T12:08:20+05:30","73.89"
"1760187052","0.1359","2025-10-11T18:20:52+05:30","73.33"
"10","'-0.0242","1970-01-01T00:00:10+05:30","53.33"
"1760424033","0.15725","2025-10-14T12:10:33+05:30","53.33"
"1759487103","'-0.04205","2025-10-03T15:55:03+05:30","64.44"
"1760187059","0.2379","2025-10-11T18:20:59+05:30","53.33"
"1760186737","0.2389","2025-10-11T18:15:37+05:30","53.33"
"1760424062","0.25025","2025-10-14T12:11:02+05:30","53.33"
"1760424154","0.21425","2025-10-14T12:12:34+05:30","53.33"
"82","0.01195","1970-01-01T05:31:22+05:30","63.33"
"1760186699","0.2109","2025-10-11T18:14:59+05:30","53.33"
"1760423838","0.09725","2025-10-14T12:07:18+05:30","72.22"
"1760423738","0.15125","2025-10-14T12:05:38+05:30","53.33"
"1760423810","0.19425","2025-10-14T12:06:50+05:30","53.33"
"1760423886","0.08925","2025-10-14T12:08:06+05:30","73.33"
"1760423764","0.12225","2025-10-14T12:06:04+05:30","71.67"
"1760187091","0.2189","2025-10-11T18:21:31+05:30","53.33"
"1760423822","0.17125","2025-10-14T12:07:02+05:30","72.22"
"1760004987","0.0748","2025-10-09T15:46:27+05:30","53.33"
"1760424203","0.07825","2025-10-14T12:13:23+05:30","53.33"
"1760187077","0.1349","2025-10-11T18:21:17+05:30","73.33"
"1760424037","0.12725","2025-10-14T12:10:37+05:30","72.78"
"1760423602","0.08125","2025-10-14T12:03:22+05:30","72.22"
"1760186979","0.1539","2025-10-11T18:19:39+05:30","53.33"
"1760005088","0.0688","2025-10-09T15:48:08+05:30","53.33"
"31","0.0118","1970-01-01T00:00:31+05:30","53.33"
"1759487087","'-0.08905","2025-10-03T15:54:47+05:30","53.33"
"1760004916","0.1978","2025-10-09T15:45:16+05:30","53.33"
"1760004926","0.0838","2025-10-09T15:45:26+05:30","53.33"
"1760424032","0.17825","2025-10-14T12:10:32+05:30","73.33"
"1760423555","0.14625","2025-10-14T12:02:35+05:30","70"
"1760423977","0.20625","2025-10-14T12:09:37+05:30","53.33"
"1760423868","0.12725","2025-10-14T12:07:48+05:30","53.33"
"1760424009","0.07025","2025-10-14T12:10:09+05:30","75"
"1760186985","0.1019","2025-10-11T18:19:45+05:30","73.33"
"1760005070","0.0948","2025-10-09T15:47:50+05:30","53.33"
"1760423956","0.22925","2025-10-14T12:09:16+05:30","53.33"
"1760424190","0.17925","2025-10-14T12:13:10+05:30","72.22"
"1760423852","0.15725","2025-10-14T12:07:32+05:30","72.78"
"1760004977","0.1598","2025-10-09T15:46:17+05:30","53.33"
"1760004813","0.0658","2025-10-09T15:43:33+05:30","62.78"
"58","'-0.06705","1970-01-01T00:00:58+05:30","53.33"
"1760424258","0.16725","2025-10-14T12:14:18+05:30","53.33"
"1760424066","0.05025","2025-10-14T12:11:06+05:30","53.33"
"1760423753","0.10525","2025-10-14T12:05:53+05:30","72.78"
"1760423564","0.17525","2025-10-14T12:02:44+05:30","70.56"
"1760186974","0.1389","2025-10-11T18:19:34+05:30","72.22"
"1760424141","0.09425","2025-10-14T12:12:21+05:30","53.33"
"1760004923","0.0678","2025-10-09T15:45:23+05:30","53.33"
"1760186758","0.1599","2025-10-11T18:15:58+05:30","71.67"
"1760423788","0.09525","2025-10-14T12:06:28+05:30","53.33"
"1760424082","0.09125","2025-10-14T12:11:22+05:30","53.33"
"1760186596","0.1579","2025-10-11T18:13:16+05:30","53.33"
"1760423828","0.17725","2025-10-14T12:07:08+05:30","53.33"
"1760187047","0.1019","2025-10-11T18:20:47+05:30","73.33"
"1760423499","0.14925","2025-10-14T12:01:39+05:30","70.56"
"1760424065","0.11225","2025-10-14T12:11:05+05:30","53.33"
"1759487100","'-0.03805","2025-10-03T15:55:00+05:30","53.33"
"1760004868","0.2218","2025-10-09T15:44:28+05:30","53.33"
"1760004981","0.1828","2025-10-09T15:46:21+05:30","53.33"
"1760186956","0.1369","2025-10-11T18:19:16+05:30","73.89"
"1759487096","'-0.00805","2025-10-03T15:54:56+05:30","64.44"
"1759487079","'-0.01905","2025-10-03T15:54:39+05:30","53.33"
"1760187075","0.0959","2025-10-11T18:21:15+05:30","53.33"
"65","'-0.08205","1970-01-01T00:01:05+05:30","53.33"
"1760005017","0.0388","2025-10-09T15:46:57+05:30","64.44"
"1760186932","0.1159","2025-10-11T18:18:52+05:30","53.33"
"1760423511","0.08125","2025-10-14T12:01:51+05:30","70.56"
"1760423934","0.19425","2025-10-14T12:08:54+05:30","73.89"
"1760186841","0.1099","2025-10-11T18:17:21+05:30","72.78"
"1760424085","0.13525","2025-10-14T12:11:25+05:30","53.33"
"1759487104","'-0.00005","2025-10-03T15:55:04+05:30","53.33"
"1760423932","0.13025","2025-10-14T12:08:52+05:30","53.33"
"1760424036","0.11925","2025-10-14T12:10:36+05:30","53.33"
"1760004854","0.1398","2025-10-09T15:44:14+05:30","53.33"
"1760186664","0.0779","2025-10-11T18:14:24+05:30","71.67"
"1760423553","0.04125","2025-10-14T12:02:33+05:30","53.33"
"1760186910","0.1029","2025-10-11T18:18:30+05:30","53.33"
"1760423726","0.15725","2025-10-14T12:05:26+05:30","72.78"
"1760186606","0.2029","2025-10-11T18:13:26+05:30","71.11"
"1760423922","0.07025","2025-10-14T12:08:42+05:30","72.78"
"1760186784","0.1229","2025-10-11T18:16:24+05:30","53.33"
"1760186682","0.1439","2025-10-11T18:14:42+05:30","53.33"
"1760424094","0.13725","2025-10-14T12:11:34+05:30","53.33"
"1760423470","0.03425","2025-10-14T12:01:10+05:30","69.44"
"1760004866","0.0978","2025-10-09T15:44:26+05:30","63.89"
"1760424192","0.16925","2025-10-14T12:13:12+05:30","53.33"
"1760423869","0.07325","2025-10-14T12:07:49+05:30","72.22"
"1760423607","0.16725","2025-10-14T12:03:27+05:30","53.33"
"1760423489","0.22025","2025-10-14T12:01:29+05:30","53.33"
"1760186857","0.2259","2025-10-11T18:17:37+05:30","53.33"
"1760423991","'-0.01475","2025-10-14T12:09:51+05:30","73.89"
"38","0.1958","1970-01-01T00:00:38+05:30","61.67"
"1760004806","0.1598","2025-10-09T15:43:26+05:30","53.33"
"1760004913","0.0848","2025-10-09T15:45:13+05:30","53.33"
"1760004912","0.0508","2025-10-09T15:45:12+05:30","65.56"
"1760423889","0.22625","2025-10-14T12:08:09+05:30","53.33"
"1760424200","0.18025","2025-10-14T12:13:20+05:30","53.33"
"1760187098","0.1329","2025-10-11T18:21:38+05:30","53.33"
"1760423941","0.17125","2025-10-14T12:09:01+05:30","53.33"
"1760186892","0.1239","2025-10-11T18:18:12+05:30","53.33"
"1760423588","0.10025","2025-10-14T12:03:08+05:30","72.22"
"1760004890","0.1148","2025-10-09T15:44:50+05:30","53.33"
"1760424156","0.25025","2025-10-14T12:12:36+05:30","53.33"
"1760186990","0.1039","2025-10-11T18:19:50+05:30","53.33"
"1760423534","0.00325","2025-10-14T12:02:14+05:30","53.33"
"1760004978","0.1288","2025-10-09T15:46:18+05:30","65.56"
"1760186688","0.0679","2025-10-11T18:14:48+05:30","53.33"
"1760186617","0.2259","2025-10-11T18:13:37+05:30","53.33"
"1760424025","0.16725","2025-10-14T12:10:25+05:30","53.33"
"1760187109","0.1489","2025-10-11T18:21:49+05:30","73.89"
"1760004930","0.0358","2025-10-09T15:45:30+05:30","65"
"1760423616","0.14925","2025-10-14T12:03:36+05:30","53.33"
"1760186620","0.1829","2025-10-11T18:13:40+05:30","53.33"
"1760186923","0.1659","2025-10-11T18:18:43+05:30","53.33"
"1760424252","0.18925","2025-10-14T12:14:12+05:30","53.33"
"1760186739","0.0379","2025-10-11T18:15:39+05:30","72.22"
"1760423835","0.08225","2025-10-14T12:07:15+05:30","72.78"
"1760424080","0.17925","2025-10-14T12:11:20+05:30","53.33"
"1760004897","0.1178","2025-10-09T15:44:57+05:30","53.33"
"1760424102","0.18225","2025-10-14T12:11:42+05:30","53.33"
"1760004974","0.0338","2025-10-09T15:46:14+05:30","65"
"1760424217","0.18925","2025-10-14T12:13:37+05:30","53.33"
"1760186600","0.0629","2025-10-11T18:13:20+05:30","71.11"
"1760004804","0.0648","2025-10-09T15:43:24+05:30","53.33"
"1760424220","0.19225","2025-10-14T12:13:40+05:30","53.33"
"1760186913","0.2009","2025-10-11T18:18:33+05:30","72.78"
"1760187031","0.0959","2025-10-11T18:20:31+05:30","53.33"
"1760423826","0.16225","2025-10-14T12:07:06+05:30","53.33"
"1760004954","0.0888","2025-10-09T15:45:54+05:30","53.33"
"1760005086","0.0638","2025-10-09T15:48:06+05:30","53.33"
"1760004772","0.0788","2025-10-09T15:42:52+05:30","61.11"
"1760423872","0.16325","2025-10-14T12:07:52+05:30","53.33"
"1760005051","0.1458","2025-10-09T15:47:31+05:30","53.33"
"1760423961","0.18925","2025-10-14T12:09:21+05:30","53.33"
"1760423465","0.10725","2025-10-14T12:01:05+05:30","53.33"
"1760186807","0.1239","2025-10-11T18:16:47+05:30","53.33"
"1760187010","0.0429","2025-10-11T18:20:10+05:30","73.33"
"1760186674","0.1929","2025-10-11T18:14:34+05:30","53.33"
"1760424238","0.11125","2025-10-14T12:13:58+05:30","72.78"
"1760186692","0.1769","2025-10-11T18:14:52+05:30","72.22"
"1760424031","0.17325","2025-10-14T12:10:31+05:30","53.33"
"1760186855","0.2039","2025-10-11T18:17:35+05:30","53.33"
"1760187023","0.1329","2025-10-11T18:20:23+05:30","72.78"
"1760423508","0.09525","2025-10-14T12:01:48+05:30","53.33"
"1760424057","0.12025","2025-10-14T12:10:57+05:30","53.33"
"1760004895","0.0378","2025-10-09T15:44:55+05:30","53.33"
"1760424210","0.17525","2025-10-14T12:13:30+05:30","53.33"
"1760424108","0.03625","2025-10-14T12:11:48+05:30","53.33"
"1760186811","0.0609","2025-10-11T18:16:51+05:30","72.22"
"1760186694","0.0889","2025-10-11T18:14:54+05:30","53.33"
"1760424231","0.18725","2025-10-14T12:13:51+05:30","53.33"
"1760004992","0.0528","2025-10-09T15:46:32+05:30","53.33"
"1759487085","'-0.05805","2025-10-03T15:54:45+05:30","65"
"1760423818","0.02525","2025-10-14T12:06:58+05:30","53.33"
"1760424243","0.16025","2025-10-14T12:14:03+05:30","53.33"
"1760423971","0.19825","2025-10-14T12:09:31+05:30","53.33"
"1760423970","0.14725","2025-10-14T12:09:30+05:30","53.33"
"1760005046","0.0378","2025-10-09T15:47:26+05:30","53.33"
"1760187078","0.1959","2025-10-11T18:21:18+05:30","53.33"
"1760424008","0.11425","2025-10-14T12:10:08+05:30","74.44"
"1760186918","0.2409","2025-10-11T18:18:38+05:30","53.33"
"1760424237","0.17925","2025-10-14T12:13:57+05:30","73.33"
"1760004875","0.0998","2025-10-09T15:44:35+05:30","53.33"
"1760004896","0.0418","2025-10-09T15:44:56+05:30","53.33"
"1760187033","0.1519","2025-10-11T18:20:33+05:30","73.33"
"1759487102","0.03095","2025-10-03T15:55:02+05:30","63.89"
"1760423816","0.11025","2025-10-14T12:06:56+05:30","53.33"
"1760423720","0.16425","2025-10-14T12:05:20+05:30","73.33"
"1760187044","0.2509","2025-10-11T18:20:44+05:30","53.33"
"1760187110","0.0069","2025-10-11T18:21:50+05:30","74.44"
"1760186859","0.1919","2025-10-11T18:17:39+05:30","53.33"
"1760423933","0.18225","2025-10-14T12:08:53+05:30","53.33"
"1760424048","0.18025","2025-10-14T12:10:48+05:30","53.33"
"1760186814","0.1679","2025-10-11T18:16:54+05:30","53.33"
"1760186720","0.1049","2025-10-11T18:15:20+05:30","72.22"
"1760423570","0.12925","2025-10-14T12:02:50+05:30","70"
"1760424242","0.18325","2025-10-14T12:14:02+05:30","53.33"
"1760186812","0.1389","2025-10-11T18:16:52+05:30","53.33"
"1760423750","0.14625","2025-10-14T12:05:50+05:30","53.33"
"1760423481","0.06825","2025-10-14T12:01:21+05:30","53.33"
"1760186806","0.1679","2025-10-11T18:16:46+05:30","53.33"
"1759487109","'-0.02505","2025-10-03T15:55:09+05:30","53.33"
"1760424151","0.18525","2025-10-14T12:12:31+05:30","53.33"
"1760424201","0.10825","2025-10-14T12:13:21+05:30","53.33"
"1760424040","0.16825","2025-10-14T12:10:40+05:30","53.33"
"1760424209","0.19125","2025-10-14T12:13:29+05:30","53.33"
"1760004964","0.1018","2025-10-09T15:46:04+05:30","53.33"
"1760004883","0.0428","2025-10-09T15:44:43+05:30","63.89"
"1760424155","0.19225","2025-10-14T12:12:35+05:30","53.33"
"1760424074","0.13225","2025-10-14T12:11:14+05:30","53.33"
"1760424162","0.20025","2025-10-14T12:12:42+05:30","53.33"
"1760186715","0.2849","2025-10-11T18:15:15+05:30","71.67"
"81","'-0.01905","1970-01-01T05:31:21+05:30","63.33"
"1760005053","0.0578","2025-10-09T15:47:33+05:30","65.56"
"1760186757","0.1229","2025-10-11T18:15:57+05:30","53.33"
"1760424101","0.15325","2025-10-14T12:11:41+05:30","53.33"
"1760423867","0.02825","2025-10-14T12:07:47+05:30","53.33"
"1760423549","0.08425","2025-10-14T12:02:29+05:30","69.44"
"1760423757","0.10825","2025-10-14T12:05:57+05:30","53.33"
"1760004799","0.1368","2025-10-09T15:43:19+05:30","53.33"
"1760005032","0.1678","2025-10-09T15:47:12+05:30","65.56"
"1760424246","0.13425","2025-10-14T12:14:06+05:30","53.33"
"1760186744","0.1159","2025-10-11T18:15:44+05:30","72.22"
"1760004902","0.0378","2025-10-09T15:45:02+05:30","53.33"
"1760423915","0.08925","2025-10-14T12:08:35+05:30","73.33"
"1760186921","0.1219","2025-10-11T18:18:41+05:30","53.33"
"1760004940","0.0838","2025-10-09T15:45:40+05:30","65.56"
"1760187070","0.1309","2025-10-11T18:21:10+05:30","73.89"
"1760004836","0.1608","2025-10-09T15:43:56+05:30","62.78"
"1760423601","0.00125","2025-10-14T12:03:21+05:30","71.67"
"1760004986","'-0.0062","2025-10-09T15:46:26+05:30","53.33"
"1760005079","0.1238","2025-10-09T15:47:59+05:30","66.67"
"1760423899","0.16225","2025-10-14T12:08:19+05:30","53.33"
"1760005027","0.1058","2025-10-09T15:47:07+05:30","65"
"1760005043","0.0438","2025-10-09T15:47:23+05:30","53.33"
"1760004951","0.2388","2025-10-09T15:45:51+05:30","65.56"
"1760423843","0.10025","2025-10-14T12:07:23+05:30","53.33"
"21","0.0828","1970-01-01T00:00:21+05:30","61.11"
"1760186695","0.1659","2025-10-11T18:14:55+05:30","72.78"
"1760423754","0.11125","2025-10-14T12:05:54+05:30","72.22"
"1760424227","0.15925","2025-10-14T12:13:47+05:30","53.33"
"1760004851","0.1318","2025-10-09T15:44:11+05:30","63.33"
"1760423759","0.11225","2025-10-14T12:05:59+05:30","71.67"
"1760424111","0.20325","2025-10-14T12:11:51+05:30","53.33"
"1760186770","0.2079","2025-10-11T18:16:10+05:30","53.33"
"1760186636","0.1749","2025-10-11T18:13:56+05:30","53.33"
"1759487106","'-0.01005","2025-10-03T15:55:06+05:30","53.33"
"1760004852","0.2258","2025-10-09T15:44:12+05:30","53.33"
"1760423962","0.16125","2025-10-14T12:09:22+05:30","53.33"
"1760186987","0.1879","2025-10-11T18:19:47+05:30","53.33"
"1760186752","0.1819","2025-10-11T18:15:52+05:30","53.33"
"1760424090","0.15525","2025-10-14T12:11:30+05:30","72.78"
"40","0.0688","1970-01-01T00:00:40+05:30","53.33"
"1760424068","0.16725","2025-10-14T12:11:08+05:30","53.33"
"1760186890","0.2619","2025-10-11T18:18:10+05:30","53.33"
"1760186848","0.2359","2025-10-11T18:17:28+05:30","53.33"
"1760423512","0.03125","2025-10-14T12:01:52+05:30","69.44"
"14","'-0.0732","1970-01-01T00:00:14+05:30","53.33"
"1760005060","0.1868","2025-10-09T15:47:40+05:30","53.33"
"1760423950","0.16425","2025-10-14T12:09:10+05:30","53.33"
"1760186684","0.2049","2025-10-11T18:14:44+05:30","71.67"
"1760423980","0.13525","2025-10-14T12:09:40+05:30","73.89"
"1760424049","0.10125","2025-10-14T12:10:49+05:30","53.33"
"1760424251","0.16025","2025-10-14T12:14:11+05:30","53.33"
"1760187004","0.1219","2025-10-11T18:20:04+05:30","73.33"
"1760186735","0.2279","2025-10-11T18:15:35+05:30","53.33"
"1760423965","0.13525","2025-10-14T12:09:25+05:30","53.33"
"55","'-0.16005","1970-01-01T00:00:55+05:30","53.33"
"1760424135","0.15425","2025-10-14T12:12:15+05:30","73.89"
"1760186950","0.0869","2025-10-11T18:19:10+05:30","72.78"
"1760424236","0.11525","2025-10-14T12:13:56+05:30","73.33"
"1760004819","0.1568","2025-10-09T15:43:39+05:30","62.78"
"18","0.0488","1970-01-01T00:00:18+05:30","58.33"
"1760004990","0.1948","2025-10-09T15:46:30+05:30","65"
"1760004857","0.1798","2025-10-09T15:44:17+05:30","53.33"
"1760004834","0.1918","2025-10-09T15:43:54+05:30","53.33"
"1759487099","'-0.02905","2025-10-03T15:54:59+05:30","53.33"
"1760186678","0.0439","2025-10-11T18:14:38+05:30","71.67"
"1760186743","0.1259","2025-10-11T18:15:43+05:30","72.78"
"1760424121","0.08625","2025-10-14T12:12:01+05:30","73.33"
"1760004869","0.1498","2025-10-09T15:44:29+05:30","53.33"
"1760186981","0.0579","2025-10-11T18:19:41+05:30","53.33"
"1760186820","0.1149","2025-10-11T18:17:00+05:30","53.33"
"1760005039","0.2208","2025-10-09T15:47:19+05:30","53.33"
"1760186667","0.0449","2025-10-11T18:14:27+05:30","53.33"
"1760423472","0.08425","2025-10-14T12:01:12+05:30","53.33"
"1760186824","0.1299","2025-10-11T18:17:04+05:30","53.33"
"1760423796","0.17925","2025-10-14T12:06:36+05:30","72.22"
"1760424226","0.16125","2025-10-14T12:13:46+05:30","53.33"
"1760423587","0.09425","2025-10-14T12:03:07+05:30","72.78"
"1760186955","0.1729","2025-10-11T18:19:15+05:30","72.78"
"1760424213","0.15225","2025-10-14T12:13:33+05:30","53.33"
"1760187054","0.1379","2025-10-11T18:20:54+05:30","53.33"
"1760423509","0.13425","2025-10-14T12:01:49+05:30","53.33"
"1760423507","0.08925","2025-10-14T12:01:47+05:30","69.44"
"1760423831","0.12225","2025-10-14T12:07:11+05:30","72.78"
"1760423573","0.10525","2025-10-14T12:02:53+05:30","71.11"
"1760423575","0.12525","2025-10-14T12:02:55+05:30","71.11"
"1760424187","0.13025","2025-10-14T12:13:07+05:30","53.33"
"1760186589","0.0749","2025-10-11T18:13:09+05:30","71.67"
"1760423561","0.13925","2025-10-14T12:02:41+05:30","53.33"
"1760424007","0.13025","2025-10-14T12:10:07+05:30","73.89"
"1760423571","0.07125","2025-10-14T12:02:51+05:30","53.33"
"1760186938","0.1499","2025-10-11T18:18:58+05:30","53.33"
"1760423766","'-0.00275","2025-10-14T12:06:06+05:30","53.33"
"1760004848","0.0538","2025-10-09T15:44:08+05:30","53.33"
"1760423495","0.02525","2025-10-14T12:01:35+05:30","53.33"
"1760004814","0.1978","2025-10-09T15:43:34+05:30","62.78"
"1760186989","0.2149","2025-10-11T18:19:49+05:30","53.33"
"1760424223","0.27725","2025-10-14T12:13:43+05:30","53.33"
"1760424022","0.20925","2025-10-14T12:10:22+05:30","53.33"
"1760423758","0.14225","2025-10-14T12:05:58+05:30","53.33"
"1760186649","0.0569","2025-10-11T18:14:09+05:30","53.33"
"1760423847","0.10025","2025-10-14T12:07:27+05:30","73.33"
"1760005034","0.1158","2025-10-09T15:47:14+05:30","53.33"
"1760186768","0.0459","2025-10-11T18:16:08+05:30","72.22"
"85","0.10495","1970-01-01T05:31:25+05:30","64.44"
"1760186869","0.0839","2025-10-11T18:17:49+05:30","53.33"
"1760186969","0.1099","2025-10-11T18:19:29+05:30","53.33"
"1760424042","0.19825","2025-10-14T12:10:42+05:30","53.33"
"1760004957","0.1588","2025-10-09T15:45:57+05:30","65.56"
"1760004907","0.0468","2025-10-09T15:45:07+05:30","53.33"
"1760005072","0.2058","2025-10-09T15:47:52+05:30","53.33"
"95","0.05295","1970-01-01T05:31:35+05:30","65.56"
"1760424235","0.10125","2025-10-14T12:13:55+05:30","53.33"
"1760186885","0.1659","2025-10-11T18:18:05+05:30","53.33"
"1760424034","0.13325","2025-10-14T12:10:34+05:30","53.33"
"1760004983","0.0398","2025-10-09T15:46:23+05:30","65"
"1760187066","0.2999","2025-10-11T18:21:06+05:30","53.33"
"1760424132","0.08925","2025-10-14T12:12:12+05:30","72.78"
"1760186879","0.2829","2025-10-11T18:17:59+05:30","53.33"
"1760005081","0.0988","2025-10-09T15:48:01+05:30","53.33"
"1760423504","0.10925","2025-10-14T12:01:44+05:30","53.33"
"1760005011","0.0248","2025-10-09T15:46:51+05:30","65"
"1760423984","0.00025","2025-10-14T12:09:44+05:30","73.33"
"1760424061","0.20325","2025-10-14T12:11:01+05:30","53.33"
"25","0.0538","1970-01-01T00:00:25+05:30","53.33"
"1760423878","0.07425","2025-10-14T12:07:58+05:30","53.33"
"12","0.0058","1970-01-01T00:00:12+05:30","53.33"
"1760004922","0.1078","2025-10-09T15:45:22+05:30","53.33"
"1760423739","0.16025","2025-10-14T12:05:39+05:30","53.33"
"1760423533","0.15525","2025-10-14T12:02:13+05:30","53.33"
"1760424098","0.14925","2025-10-14T12:11:38+05:30","53.33"
"1760186675","0.0919","2025-10-11T18:14:35+05:30","72.22"
"1760004880","0.0958","2025-10-09T15:44:40+05:30","53.33"
"1760423498","0.08725","2025-10-14T12:01:38+05:30","70.56"
"1760004998","0.0708","2025-10-09T15:46:38+05:30","53.33"
"9","0.0108","1970-01-01T00:00:09+05:30","53.33"
"1760423864","0.06825","2025-10-14T12:07:44+05:30","72.78"
"1760004937","0.1198","2025-10-09T15:45:37+05:30","53.33"
"1760004889","0.0058","2025-10-09T15:44:49+05:30","64.44"
"1760423527","0.10325","2025-10-14T12:02:07+05:30","53.33"
"1760004891","0.1798","2025-10-09T15:44:51+05:30","53.33"
"1760423948","0.26825","2025-10-14T12:09:08+05:30","73.89"
"1760186641","0.1159","2025-10-11T18:14:01+05:30","53.33"
"1760004788","0.2258","2025-10-09T15:43:08+05:30","53.33"
"53","'-0.13805","1970-01-01T00:00:53+05:30","53.33"
"1760186924","0.2449","2025-10-11T18:18:44+05:30","53.33"
"1760005080","0.1248","2025-10-09T15:48:00+05:30","53.33"
"1760423722","0.02825","2025-10-14T12:05:22+05:30","72.22"
"1760423528","0.12625","2025-10-14T12:02:08+05:30","70"
"1760004815","0.0648","2025-10-09T15:43:35+05:30","53.33"
"1760004963","0.0868","2025-10-09T15:46:03+05:30","65.56"
"1760424021","0.17625","2025-10-14T12:10:21+05:30","53.33"
"1760187096","0.1839","2025-10-11T18:21:36+05:30","53.33"
"1760004831","0.0098","2025-10-09T15:43:51+05:30","53.33"
"1760186711","0.2289","2025-10-11T18:15:11+05:30","53.33"
"1760423735","0.08625","2025-10-14T12:05:35+05:30","73.33"
"1760004933","0.1588","2025-10-09T15:45:33+05:30","53.33"
"1760186803","0.1039","2025-10-11T18:16:43+05:30","53.33"
"1760423960","0.19425","2025-10-14T12:09:20+05:30","53.33"
"1760423854","0.19925","2025-10-14T12:07:34+05:30","53.33"
"1760004966","0.1958","2025-10-09T15:46:06+05:30","53.33"
"1760186665","0.1649","2025-10-11T18:14:25+05:30","53.33"
"1760423884","0.13525","2025-10-14T12:08:04+05:30","73.33"
"1760186657","0.1829","2025-10-11T18:14:17+05:30","53.33"
"1760005103","0.1498","2025-10-09T15:48:23+05:30","53.33"
"52","'-0.13105","1970-01-01T00:00:52+05:30","53.33"
"1760186922","0.1509","2025-10-11T18:18:42+05:30","53.33"
"27","0.0768","1970-01-01T00:00:27+05:30","53.33"
"1760424229","0.14425","2025-10-14T12:13:49+05:30","53.33"
"1760004989","0.0588","2025-10-09T15:46:29+05:30","65.56"
"1760423596","0.08925","2025-10-14T12:03:16+05:30","71.67"
"1760424153","0.18625","2025-10-14T12:12:33+05:30","73.33"
"1760423913","0.12225","2025-10-14T12:08:33+05:30","53.33"
"1760187015","0.1729","2025-10-11T18:20:15+05:30","72.78"
"26","0.0488","1970-01-01T00:00:26+05:30","58.89"
"1760424014","0.09025","2025-10-14T12:10:14+05:30","75"
"1760423494","0.05225","2025-10-14T12:01:34+05:30","53.33"
"13","'-0.0302","1970-01-01T00:00:13+05:30","53.33"
"1760186838","0.0199","2025-10-11T18:17:18+05:30","53.33"
"1760004979","0.0968","2025-10-09T15:46:19+05:30","65"
"1760424016","0.12625","2025-10-14T12:10:16+05:30","73.89"
"1760005104","0.0868","2025-10-09T15:48:24+05:30","53.33"
"1760005108","0.1358","2025-10-09T15:48:28+05:30","66.11"
"1760186659","0.1419","2025-10-11T18:14:19+05:30","71.67"
"1760423480","0.18725","2025-10-14T12:01:20+05:30","53.33"
"1760004865","0.0948","2025-10-09T15:44:25+05:30","53.33"
"1760423881","0.09625","2025-10-14T12:08:01+05:30","53.33"
"1760423919","0.08125","2025-10-14T12:08:39+05:30","53.33"
"1760187045","0.1279","2025-10-11T18:20:45+05:30","53.33"
"1760187073","0.2169","2025-10-11T18:21:13+05:30","53.33"
"1760423552","0.16125","2025-10-14T12:02:32+05:30","69.44"
"1760424179","0.12625","2025-10-14T12:12:59+05:30","72.78"
"1760004791","0.1618","2025-10-09T15:43:11+05:30","53.33"
"1760423557","0.10025","2025-10-14T12:02:37+05:30","53.33"
"1760186637","0.0909","2025-10-11T18:13:57+05:30","71.11"
"1759487080","0.00495","2025-10-03T15:54:40+05:30","53.33"
"1760004968","0.1888","2025-10-09T15:46:08+05:30","53.33"
"1760187100","0.1099","2025-10-11T18:21:40+05:30","73.89"
"1760004973","0.1408","2025-10-09T15:46:13+05:30","65"
"1760424161","0.11625","2025-10-14T12:12:41+05:30","53.33"
"1760186861","0.2899","2025-10-11T18:17:41+05:30","53.33"
"1760424172","0.09225","2025-10-14T12:12:52+05:30","73.33"
"1760186931","0.2409","2025-10-11T18:18:51+05:30","73.33"
"1760424002","0.06625","2025-10-14T12:10:02+05:30","73.89"
"1760004901","0.1258","2025-10-09T15:45:01+05:30","65"
"1760004931","0.1398","2025-10-09T15:45:31+05:30","65"
"1760186992","0.2269","2025-10-11T18:19:52+05:30","73.33"
"1760004949","0.1248","2025-10-09T15:45:49+05:30","53.33"
"1760423496","0.10525","2025-10-14T12:01:36+05:30","70"
"1760005016","0.1018","2025-10-09T15:46:56+05:30","65.56"
"1760186995","0.1319","2025-10-11T18:19:55+05:30","73.89"
"1760005045","0.1558","2025-10-09T15:47:25+05:30","53.33"
"1760423964","0.10125","2025-10-14T12:09:24+05:30","72.78"
"1760423609","0.02925","2025-10-14T12:03:29+05:30","53.33"
"1760186689","0.1359","2025-10-11T18:14:49+05:30","71.67"
"1759487092","'-0.03305","2025-10-03T15:54:52+05:30","53.33"
"1760187051","0.0929","2025-10-11T18:20:51+05:30","53.33"
"1760186761","0.1389","2025-10-11T18:16:01+05:30","53.33"
"1760186690","0.0699","2025-10-11T18:14:50+05:30","53.33"
"16","0.0378","1970-01-01T00:00:16+05:30","53.33"
"1760423880","0.19825","2025-10-14T12:08:00+05:30","53.33"
"1760423873","0.17725","2025-10-14T12:07:53+05:30","53.33"
"1760186702","0.1099","2025-10-11T18:15:02+05:30","53.33"
"1760423807","0.25025","2025-10-14T12:06:47+05:30","53.33"
"1760423981","0.21525","2025-10-14T12:09:41+05:30","73.89"
"1760186771","0.1849","2025-10-11T18:16:11+05:30","53.33"
"1760423506","0.02125","2025-10-14T12:01:46+05:30","53.33"
"1760186618","0.0379","2025-10-11T18:13:38+05:30","71.11"
"1760423836","0.19325","2025-10-14T12:07:16+05:30","72.78"
"1760186994","0.2809","2025-10-11T18:19:54+05:30","53.33"
"1760423928","0.15125","2025-10-14T12:08:48+05:30","53.33"
"1760186821","0.1899","2025-10-11T18:17:01+05:30","53.33"
"1760423529","0.12425","2025-10-14T12:02:09+05:30","53.33"
"1760187040","0.2229","2025-10-11T18:20:40+05:30","73.33"
"1760186628","0.1529","2025-10-11T18:13:48+05:30","71.11"
"1760423482","0.15625","2025-10-14T12:01:22+05:30","53.33"
"86","0.09995","1970-01-01T05:31:26+05:30","65"
"1759487113","'-0.06005","2025-10-03T15:55:13+05:30","53.33"
"1760186619","0.0919","2025-10-11T18:13:39+05:30","71.11"
"1760424137","0.17425","2025-10-14T12:12:17+05:30","72.78"
"1760423589","0.17625","2025-10-14T12:03:09+05:30","72.22"
"1760423839","0.08125","2025-10-14T12:07:19+05:30","53.33"
"80","'-0.14605","1970-01-01T05:31:20+05:30","63.33"
"1760423797","0.14725","2025-10-14T12:06:37+05:30","53.33"
"1760423996","0.12325","2025-10-14T12:09:56+05:30","75"
"1760424208","0.14625","2025-10-14T12:13:28+05:30","53.33"
"1760187035","0.1359","2025-10-11T18:20:35+05:30","53.33"
"1760186642","0.0609","2025-10-11T18:14:02+05:30","71.11"
"1760186968","0.1039","2025-10-11T18:19:28+05:30","72.78"
"1760423897","0.06125","2025-10-14T12:08:17+05:30","53.33"
"72","'-0.10305","1970-01-01T00:01:12+05:30","53.33"
"1760423803","0.13825","2025-10-14T12:06:43+05:30","73.33"
"1760004826","0.2028","2025-10-09T15:43:46+05:30","53.33"
"1760186840","0.2209","2025-10-11T18:17:20+05:30","53.33"
"1760005021","0.0608","2025-10-09T15:47:01+05:30","65.56"
"1760187016","0.1899","2025-10-11T18:20:16+05:30","73.33"
"1760424053","0.14225","2025-10-14T12:10:53+05:30","53.33"
"1760424181","0.13325","2025-10-14T12:13:01+05:30","53.33"
"1760424024","0.12225","2025-10-14T12:10:24+05:30","73.89"
"1760187105","0.2599","2025-10-11T18:21:45+05:30","53.33"
"1760423530","0.11725","2025-10-14T12:02:10+05:30","53.33"
"76","0.06795","1970-01-01T00:01:16+05:30","63.89"
"1760004783","0.2148","2025-10-09T15:43:03+05:30","53.33"
"1760186663","0.2049","2025-10-11T18:14:23+05:30","53.33"
"1760186693","0.1189","2025-10-11T18:14:53+05:30","72.78"
"1760187028","0.1319","2025-10-11T18:20:28+05:30","73.89"
"1760424230","0.07825","2025-10-14T12:13:50+05:30","73.33"
"1760186980","0.2089","2025-10-11T18:19:40+05:30","53.33"
"1760423974","0.10625","2025-10-14T12:09:34+05:30","73.33"
"1760186871","0.2659","2025-10-11T18:17:51+05:30","72.78"
"1760186958","0.1209","2025-10-11T18:19:18+05:30","53.33"
"1760005020","'-0.0302","2025-10-09T15:47:00+05:30","53.33"
"1760004786","0.2108","2025-10-09T15:43:06+05:30","53.33"
"1760423725","0.21425","2025-10-14T12:05:25+05:30","53.33"
"1760186967","0.1259","2025-10-11T18:19:27+05:30","73.33"
"1760004906","0.0748","2025-10-09T15:45:06+05:30","53.33"
"1760186909","0.1569","2025-10-11T18:18:29+05:30","53.33"
"1760423940","0.03325","2025-10-14T12:09:00+05:30","53.33"
"1760423983","0.15825","2025-10-14T12:09:43+05:30","74.44"
"1760005050","0.0888","2025-10-09T15:47:30+05:30","53.33"
"1760186647","0.0629","2025-10-11T18:14:07+05:30","71.67"
"1760423893","0.06425","2025-10-14T12:08:13+05:30","53.33"
"1760187042","0.2179","2025-10-11T18:20:42+05:30","53.33"
"1760423850","0.10225","2025-10-14T12:07:30+05:30","53.33"
"1760186904","0.1509","2025-10-11T18:18:24+05:30","53.33"
"1760005018","0.1478","2025-10-09T15:46:58+05:30","53.33"
"1760186685","0.0649","2025-10-11T18:14:45+05:30","71.11"
"1760424130","0.08125","2025-10-14T12:12:10+05:30","53.33"
"93","0.07195","1970-01-01T05:31:33+05:30","65.56"
"1760423804","'-0.04075","2025-10-14T12:06:44+05:30","72.78"
"1760424077","0.09525","2025-10-14T12:11:17+05:30","73.33"
"1760005019","0.0388","2025-10-09T15:46:59+05:30","53.33"
"1760005098","0.1768","2025-10-09T15:48:18+05:30","53.33"
"1760423798","0.26925","2025-10-14T12:06:38+05:30","53.33"
"45","0.0778","1970-01-01T05:30:45+05:30","53.33"
"1760423916","0.07825","2025-10-14T12:08:36+05:30","73.33"
"1760423484","0.12725","2025-10-14T12:01:24+05:30","53.33"
"1760187069","0.1059","2025-10-11T18:21:09+05:30","73.89"
"1760005059","0.0388","2025-10-09T15:47:39+05:30","65.56"
"1760004939","0.0848","2025-10-09T15:45:39+05:30","66.11"
"1760186789","0.1519","2025-10-11T18:16:29+05:30","53.33"
"1760005004","0.0438","2025-10-09T15:46:44+05:30","53.33"
"1760186870","0.0919","2025-10-11T18:17:50+05:30","72.78"
"41","0.0748","1970-01-01T05:30:41+05:30","61.11"
"1760004976","0.0918","2025-10-09T15:46:16+05:30","53.33"
"1760424084","0.16425","2025-10-14T12:11:24+05:30","53.33"
"1760186810","0.1259","2025-10-11T18:16:50+05:30","53.33"
"1760186851","0.1349","2025-10-11T18:17:31+05:30","72.78"
"1760186798","0.1429","2025-10-11T18:16:38+05:30","72.78"
"1760423937","0.13225","2025-10-14T12:08:57+05:30","53.33"
"1760423513","0.14525","2025-10-14T12:01:53+05:30","69.44"
"1760186854","0.2269","2025-10-11T18:17:34+05:30","53.33"
"1760186712","0.0969","2025-10-11T18:15:12+05:30","53.33"
"1760186897","0.1249","2025-10-11T18:18:17+05:30","72.78"
"1760186669","0.0469","2025-10-11T18:14:29+05:30","53.33"
"17","0.0438","1970-01-01T00:00:17+05:30","53.33"
"1760424043","0.10525","2025-10-14T12:10:43+05:30","72.78"
"1760423475","0.10925","2025-10-14T12:01:15+05:30","70"
"1760423768","0.13725","2025-10-14T12:06:08+05:30","53.33"
"1760424158","0.19325","2025-10-14T12:12:38+05:30","73.89"
"1760186919","0.1139","2025-10-11T18:18:39+05:30","72.78"
"1759487093","'-0.07405","2025-10-03T15:54:53+05:30","53.33"
"1760187053","0.1729","2025-10-11T18:20:53+05:30","73.33"
"1760186815","0.0369","2025-10-11T18:16:55+05:30","72.78"
"1760005024","0.0858","2025-10-09T15:47:04+05:30","53.33"
"1760187021","0.0629","2025-10-11T18:20:21+05:30","73.33"
"1760423862","0.07625","2025-10-14T12:07:42+05:30","72.78"
"1760424170","0.19525","2025-10-14T12:12:50+05:30","53.33"
"1760424012","0.06625","2025-10-14T12:10:12+05:30","74.44"
"1759487086","'-0.08605","2025-10-03T15:54:46+05:30","53.33"
"1760423505","0.05925","2025-10-14T12:01:45+05:30","53.33"
"1760423858","0.20025","2025-10-14T12:07:38+05:30","53.33"
"1760187087","0.1979","2025-10-11T18:21:27+05:30","53.33"
"1760186701","0.2169","2025-10-11T18:15:01+05:30","53.33"
"1760424110","0.07825","2025-10-14T12:11:50+05:30","73.33"
"1760424044","0.10725","2025-10-14T12:10:44+05:30","53.33"
"1760005066","0.1688","2025-10-09T15:47:46+05:30","53.33"
"1760005058","0.0618","2025-10-09T15:47:38+05:30","65.56"
"1760186747","0.1959","2025-10-11T18:15:47+05:30","53.33"
"1760005009","0.1428","2025-10-09T15:46:49+05:30","53.33"
"1760186898","0.1889","2025-10-11T18:18:18+05:30","53.33"
"1760424204","0.14625","2025-10-14T12:13:24+05:30","53.33"
"1760424069","0.14525","2025-10-14T12:11:09+05:30","72.78"
"1760186681","0.0639","2025-10-11T18:14:41+05:30","53.33"
"1760186818","0.2179","2025-10-11T18:16:58+05:30","72.78"
"1760423791","0.21425","2025-10-14T12:06:31+05:30","53.33"
"1760004898","0.2708","2025-10-09T15:44:58+05:30","53.33"
"1760187049","0.2189","2025-10-11T18:20:49+05:30","53.33"
"1760423909","0.02725","2025-10-14T12:08:29+05:30","73.33"
"1760424186","0.15725","2025-10-14T12:13:06+05:30","53.33"
"1760423824","0.04225","2025-10-14T12:07:04+05:30","53.33"
"1760423906","0.14025","2025-10-14T12:08:26+05:30","53.33"
"1760423848","0.12825","2025-10-14T12:07:28+05:30","53.33"
"1760424254","0.19025","2025-10-14T12:14:14+05:30","53.33"
"1760186686","0.1869","2025-10-11T18:14:46+05:30","53.33"
"1760005063","0.0548","2025-10-09T15:47:43+05:30","66.11"
"1760004817","0.0388","2025-10-09T15:43:37+05:30","62.78"
"1759487111","'-0.05005","2025-10-03T15:55:11+05:30","53.33"
"1760423733","0.12825","2025-10-14T12:05:33+05:30","73.33"
"1760423845","0.10125","2025-10-14T12:07:25+05:30","72.78"
"1760005068","0.0528","2025-10-09T15:47:48+05:30","66.11"
"1760423516","0.09525","2025-10-14T12:01:56+05:30","53.33"
"1760005038","0.0948","2025-10-09T15:47:18+05:30","53.33"
"1760186896","0.2839","2025-10-11T18:18:16+05:30","53.33"
"1760186962","0.1419","2025-10-11T18:19:22+05:30","72.78"
"1760004948","0.1458","2025-10-09T15:45:48+05:30","53.33"
"6","'-0.0622","1970-01-01T00:00:06+05:30","53.33"
"1760423876","0.09725","2025-10-14T12:07:56+05:30","53.33"
"66","'-0.15305","1970-01-01T00:01:06+05:30","53.33"
"1760186835","0.0969","2025-10-11T18:17:15+05:30","72.78"
"1759487091","'-0.01305","2025-10-03T15:54:51+05:30","53.33"
"1760004892","0.1318","2025-10-09T15:44:52+05:30","53.33"
"1760423879","0.21825","2025-10-14T12:07:59+05:30","53.33"
"63","0.08195","1970-01-01T00:01:03+05:30","63.33"
"1760423730","0.09325","2025-10-14T12:05:30+05:30","53.33"
"46","'-0.13505","1970-01-01T00:00:46+05:30","53.33"
"1760186764","0.2249","2025-10-11T18:16:04+05:30","53.33"
"1760186829","0.1369","2025-10-11T18:17:09+05:30","72.22"
"1760186782","0.0449","2025-10-11T18:16:22+05:30","53.33"
"50","'-0.09705","1970-01-01T00:00:50+05:30","53.33"
"1760005085","0.1478","2025-10-09T15:48:05+05:30","53.33"
"1760004894","0.1198","2025-10-09T15:44:54+05:30","63.89"
"1760186965","0.1789","2025-10-11T18:19:25+05:30","53.33"
"1760186653","0.0669","2025-10-11T18:14:13+05:30","53.33"
"36","0.0988","1970-01-01T00:00:36+05:30","61.11"
"1760424106","0.14525","2025-10-14T12:11:46+05:30","53.33"
"1760423772","0.20225","2025-10-14T12:06:12+05:30","53.33"
"1760424047","0.04225","2025-10-14T12:10:47+05:30","73.33"
"1760004911","0.0888","2025-10-09T15:45:11+05:30","53.33"
"1760186880","0.1539","2025-10-11T18:18:00+05:30","53.33"
"1760186794","0.1319","2025-10-11T18:16:34+05:30","53.33"
"59","'-0.01505","1970-01-01T00:00:59+05:30","61.11"
"1760423522","0.12925","2025-10-14T12:02:02+05:30","53.33"
"1760423568","0.12925","2025-10-14T12:02:48+05:30","53.33"
"1760423562","0.13325","2025-10-14T12:02:42+05:30","53.33"
"1760186946","0.1099","2025-10-11T18:19:06+05:30","53.33"
"1760423539","0.08625","2025-10-14T12:02:19+05:30","53.33"
"1760004807","0.2508","2025-10-09T15:43:27+05:30","53.33"
"1760004909","0.1308","2025-10-09T15:45:09+05:30","53.33"
"1760005003","0.0438","2025-10-09T15:46:43+05:30","53.33"
"1760004873","0.1978","2025-10-09T15:44:33+05:30","53.33"
"1760186717","0.1369","2025-10-11T18:15:17+05:30","53.33"
"1760186590","0.1729","2025-10-11T18:13:10+05:30","53.33"
"1760423945","0.26925","2025-10-14T12:09:05+05:30","73.89"
"1760423477","0.14325","2025-10-14T12:01:17+05:30","70"
"1760186975","0.2029","2025-10-11T18:19:35+05:30","53.33"
"1760186640","0.1419","2025-10-11T18:14:00+05:30","53.33"
"71","'-0.06905","1970-01-01T00:01:11+05:30","53.33"
"1760004882","0.1558","2025-10-09T15:44:42+05:30","64.44"
"1760186648","0.0919","2025-10-11T18:14:08+05:30","71.11"
"1760004953","0.0108","2025-10-09T15:45:53+05:30","53.33"
"1760186926","0.1939","2025-10-11T18:18:46+05:30","53.33"
"1760423975","0.15325","2025-10-14T12:09:35+05:30","53.33"
"1760424241","0.19525","2025-10-14T12:14:01+05:30","53.33"
"1760004982","0.0278","2025-10-09T15:46:22+05:30","53.33"
"1760186911","0.1219","2025-10-11T18:18:31+05:30","73.33"
"1760004840","0.0998","2025-10-09T15:44:00+05:30","53.33"
"1760186951","0.2289","2025-10-11T18:19:11+05:30","53.33"
"1760423813","0.15625","2025-10-14T12:06:53+05:30","53.33"
"1760004863","0.2088","2025-10-09T15:44:23+05:30","53.33"
"1760004794","0.0828","2025-10-09T15:43:14+05:30","53.33"
"1760005036","0.0258","2025-10-09T15:47:16+05:30","53.33"
"1760005042","0.0218","2025-10-09T15:47:22+05:30","65.56"
"1759487078","0.03695","2025-10-03T15:54:38+05:30","65"
"1760004905","0.0848","2025-10-09T15:45:05+05:30","63.89"
"1760423817","0.14425","2025-10-14T12:06:57+05:30","53.33"
"20","0.1328","1970-01-01T00:00:20+05:30","60.56"
"1760004985","0.1398","2025-10-09T15:46:25+05:30","53.33"
"1760186836","0.1869","2025-10-11T18:17:16+05:30","72.78"
"1760423938","0.16425","2025-10-14T12:08:58+05:30","53.33"
"1760186791","0.0869","2025-10-11T18:16:31+05:30","53.33"
"1760423542","0.13625","2025-10-14T12:02:22+05:30","53.33"
"1760423799","0.12325","2025-10-14T12:06:39+05:30","73.33"
"1760186774","0.1569","2025-10-11T18:16:14+05:30","72.22"
"1760423473","0.14025","2025-10-14T12:01:13+05:30","53.33"
"1760424188","0.13125","2025-10-14T12:13:08+05:30","53.33"
"1760187064","0.1619","2025-10-11T18:21:04+05:30","73.89"
"1760186677","0.0969","2025-10-11T18:14:37+05:30","53.33"
"1760186933","0.0609","2025-10-11T18:18:53+05:30","53.33"
"1760423618","0.20225","2025-10-14T12:03:38+05:30","72.22"
"19","0.1908","1970-01-01T00:00:19+05:30","60"
"1760004860","0.0698","2025-10-09T15:44:20+05:30","53.33"
"1760186881","0.1649","2025-10-11T18:18:01+05:30","73.33"
"1760424039","0.22825","2025-10-14T12:10:39+05:30","53.33"
"1760187050","0.1389","2025-10-11T18:20:50+05:30","53.33"
"1760186894","0.1179","2025-10-11T18:18:14+05:30","53.33"
"1760423544","0.15625","2025-10-14T12:02:24+05:30","53.33"
"1760424142","0.17625","2025-10-14T12:12:22+05:30","53.33"
"1760004893","0.1678","2025-10-09T15:44:53+05:30","53.33"
"1760004969","0.0978","2025-10-09T15:46:09+05:30","53.33"
"1760186971","0.0939","2025-10-11T18:19:31+05:30","73.89"
"1760423844","0.14925","2025-10-14T12:07:24+05:30","53.33"
"1760186601","0.0529","2025-10-11T18:13:21+05:30","70.56"
"1760187083","0.2579","2025-10-11T18:21:23+05:30","72.78"
"1760004789","0.1738","2025-10-09T15:43:09+05:30","53.33"
"1760186629","0.1359","2025-10-11T18:13:49+05:30","71.11"
"1760005028","0.0668","2025-10-09T15:47:08+05:30","53.33"
"1760005023","0.0248","2025-10-09T15:47:03+05:30","53.33"
"1760186633","0.1069","2025-10-11T18:13:53+05:30","53.33"
"1760186713","0.0859","2025-10-11T18:15:13+05:30","72.22"
"1760186704","0.2819","2025-10-11T18:15:04+05:30","53.33"
"1760423746","0.17525","2025-10-14T12:05:46+05:30","53.33"
"1760423849","0.14025","2025-10-14T12:07:29+05:30","53.33"
"1760005055","0.0598","2025-10-09T15:47:35+05:30","53.33"
"1760423806","0.15425","2025-10-14T12:06:46+05:30","53.33"
"1760004864","0.1118","2025-10-09T15:44:24+05:30","53.33"
"1760186828","0.1529","2025-10-11T18:17:08+05:30","72.78"
"1760423569","0.15625","2025-10-14T12:02:49+05:30","70"
"1760424173","0.16225","2025-10-14T12:12:53+05:30","53.33"
"1760186884","0.1889","2025-10-11T18:18:04+05:30","72.22"
"1760186858","0.1489","2025-10-11T18:17:38+05:30","72.78"
"1760004856","0.0718","2025-10-09T15:44:16+05:30","63.33"
"1760424167","0.15225","2025-10-14T12:12:47+05:30","53.33"
"1760187080","0.0559","2025-10-11T18:21:20+05:30","53.33"
"1760423979","0.08425","2025-10-14T12:09:39+05:30","73.89"
"1760186738","0.0479","2025-10-11T18:15:38+05:30","72.22"
"1760424079","0.23125","2025-10-14T12:11:19+05:30","53.33"
"1760005077","0.0858","2025-10-09T15:47:57+05:30","53.33"
"73","'-0.07505","1970-01-01T00:01:13+05:30","61.67"
"1760423976","0.20725","2025-10-14T12:09:36+05:30","53.33"
"1760424093","0.14325","2025-10-14T12:11:33+05:30","53.33"
"1760004967","0.0428","2025-10-09T15:46:07+05:30","65.56"
"1760423610","0.13725","2025-10-14T12:03:30+05:30","53.33"
"1760186741","0.1979","2025-10-11T18:15:41+05:30","53.33"
"1760423841","0.09225","2025-10-14T12:07:21+05:30","53.33"
"1760186900","0.1229","2025-10-11T18:18:20+05:30","73.33"
"1760424097","0.11325","2025-10-14T12:11:37+05:30","53.33"
"1760423790","0.19125","2025-10-14T12:06:30+05:30","72.22"
"1760186813","0.0509","2025-10-11T18:16:53+05:30","53.33"
"1760186614","0.1269","2025-10-11T18:13:34+05:30","53.33"
"1760005052","0.0078","2025-10-09T15:47:32+05:30","66.11"
"1760187103","0.1779","2025-10-11T18:21:43+05:30","73.89"
"1759487097","'-0.04205","2025-10-03T15:54:57+05:30","53.33"
"1760004832","0.1298","2025-10-09T15:43:52+05:30","53.33"
"1760186816","0.1879","2025-10-11T18:16:56+05:30","53.33"
"1760423532","0.09325","2025-10-14T12:02:12+05:30","53.33"
"1760423785","0.14325","2025-10-14T12:06:25+05:30","53.33"
"1760423603","0.13125","2025-10-14T12:03:23+05:30","53.33"
"1760187024","0.1389","2025-10-11T18:20:24+05:30","53.33"
"1760004959","0.1938","2025-10-09T15:45:59+05:30","53.33"
"1760187089","0.1349","2025-10-11T18:21:29+05:30","73.33"
"1760186672","0.0639","2025-10-11T18:14:32+05:30","71.67"
"1760186621","0.1249","2025-10-11T18:13:41+05:30","53.33"
"1760004792","0.1728","2025-10-09T15:43:12+05:30","53.33"
"1760424178","0.21325","2025-10-14T12:12:58+05:30","53.33"
"1760423859","0.12925","2025-10-14T12:07:39+05:30","53.33"
"1760423492","0.14125","2025-10-14T12:01:32+05:30","53.33"
"1760424140","0.16025","2025-10-14T12:12:20+05:30","53.33"
"1760186943","0.1969","2025-10-11T18:19:03+05:30","53.33"
"1760186999","0.1779","2025-10-11T18:19:59+05:30","53.33"
"1760423888","0.07125","2025-10-14T12:08:08+05:30","72.78"
"1760005083","0.0678","2025-10-09T15:48:03+05:30","66.11"
"1760423559","0.14025","2025-10-14T12:02:39+05:30","53.33"
"1760186721","0.1269","2025-10-11T18:15:21+05:30","53.33"
"1760186687","0.0949","2025-10-11T18:14:47+05:30","53.33"
"1760186627","0.1269","2025-10-11T18:13:47+05:30","53.33"
"1760423779","0.07625","2025-10-14T12:06:19+05:30","72.22"
"1760423490","0.13125","2025-10-14T12:01:30+05:30","53.33"
"1760423865","0.14525","2025-10-14T12:07:45+05:30","53.33"
"1760423997","0.17925","2025-10-14T12:09:57+05:30","73.89"
"1760186650","0.1279","2025-10-11T18:14:10+05:30","53.33"
"1760187060","0.1629","2025-10-11T18:21:00+05:30","53.33"
"1760423604","0.16725","2025-10-14T12:03:24+05:30","53.33"
"1760005008","0.0858","2025-10-09T15:46:48+05:30","53.33"
"1760186656","0.1369","2025-10-11T18:14:16+05:30","53.33"
"1760004816","0.0848","2025-10-09T15:43:36+05:30","53.33"
"1760423968","0.19425","2025-10-14T12:09:28+05:30","73.33"
"1760187011","0.2309","2025-10-11T18:20:11+05:30","53.33"
"1760423501","0.05325","2025-10-14T12:01:41+05:30","53.33"
"1760186842","0.1549","2025-10-11T18:17:22+05:30","68.33"
"1760005035","0.0548","2025-10-09T15:47:15+05:30","53.33"
"1760187039","0.2609","2025-10-11T18:20:39+05:30","73.33"
"1760423745","0.17925","2025-10-14T12:05:45+05:30","53.33"
"1760186597","0.0889","2025-10-11T18:13:17+05:30","53.33"
"1760005075","0.0478","2025-10-09T15:47:55+05:30","66.67"
"1760186698","0.2629","2025-10-11T18:14:58+05:30","53.33"
"1760423819","0.11725","2025-10-14T12:06:59+05:30","53.33"
"1760004927","0.2298","2025-10-09T15:45:27+05:30","53.33"
"1760424216","0.27725","2025-10-14T12:13:36+05:30","53.33"
"1760004835","0.0888","2025-10-09T15:43:55+05:30","62.78"
"1760423972","0.16725","2025-10-14T12:09:32+05:30","73.33"
"1760187030","0.1689","2025-10-11T18:20:30+05:30","53.33"
"1760186767","0.1869","2025-10-11T18:16:07+05:30","72.22"
"1760186745","0.1379","2025-10-11T18:15:45+05:30","72.22"
"1760424073","0.20625","2025-10-14T12:11:13+05:30","53.33"
"1760424182","0.20525","2025-10-14T12:13:02+05:30","53.33"
"1760423787","0.22225","2025-10-14T12:06:27+05:30","53.33"
"1760424256","0.16025","2025-10-14T12:14:16+05:30","73.89"
"1760424149","0.15925","2025-10-14T12:12:29+05:30","53.33"
"1760423837","0.17125","2025-10-14T12:07:17+05:30","72.78"
"88","0.07495","1970-01-01T05:31:28+05:30","65"
"1760005057","0.0798","2025-10-09T15:47:37+05:30","66.11"
"1760186832","0.1559","2025-10-11T18:17:12+05:30","53.33"
"1760004903","0.0408","2025-10-09T15:45:03+05:30","65"
"1760187067","0.2109","2025-10-11T18:21:07+05:30","53.33"
"1760423752","0.19025","2025-10-14T12:05:52+05:30","73.33"
"1760424083","0.20325","2025-10-14T12:11:23+05:30","53.33"
"1760423749","0.13725","2025-10-14T12:05:49+05:30","53.33"
"1760423912","0.09325","2025-10-14T12:08:32+05:30","73.33"
"1760424052","0.07925","2025-10-14T12:10:52+05:30","72.78"
"1760187009","0.1039","2025-10-11T18:20:09+05:30","53.33"
"1760423742","0.09925","2025-10-14T12:05:42+05:30","53.33"
"1760186819","0.0469","2025-10-11T18:16:59+05:30","53.33"
"1760005064","'-0.0022","2025-10-09T15:47:44+05:30","65.56"
"1760004828","0.0578","2025-10-09T15:43:48+05:30","53.33"
"1760004812","0.1378","2025-10-09T15:43:32+05:30","53.33"
"1760423765","0.12925","2025-10-14T12:06:05+05:30","53.33"
"1760423510","0.03525","2025-10-14T12:01:50+05:30","53.33"
"1760186808","0.0299","2025-10-11T18:16:48+05:30","72.78"
"1760005015","0.0538","2025-10-09T15:46:55+05:30","65.56"
"1760004830","0.1328","2025-10-09T15:43:50+05:30","62.78"
"1760423846","0.11425","2025-10-14T12:07:26+05:30","53.33"
"1759487082","0.03895","2025-10-03T15:54:42+05:30","65.56"
"1760423821","0.11425","2025-10-14T12:07:01+05:30","72.78"
"1760004956","0.1578","2025-10-09T15:45:56+05:30","66.11"
"78","0.07695","1970-01-01T00:01:18+05:30","63.89"
"1760187057","0.1039","2025-10-11T18:20:57+05:30","53.33"
"1760186780","0.1589","2025-10-11T18:16:20+05:30","53.33"
"1760186772","0.2019","2025-10-11T18:16:12+05:30","53.33"
"1760424072","0.07425","2025-10-14T12:11:12+05:30","53.33"
"1760424225","0.15025","2025-10-14T12:13:45+05:30","53.33"
"1760423805","0.20125","2025-10-14T12:06:45+05:30","53.33"
"1760423926","0.15425","2025-10-14T12:08:46+05:30","72.78"
"1760186949","0.0659","2025-10-11T18:19:09+05:30","73.33"
"1760423502","0.11325","2025-10-14T12:01:42+05:30","69.44"
"1760005007","0.1058","2025-10-09T15:46:47+05:30","53.33"
"1760423883","0.09225","2025-10-14T12:08:03+05:30","53.33"
"1760186661","0.0169","2025-10-11T18:14:21+05:30","71.11"
"1760423606","0.17825","2025-10-14T12:03:26+05:30","53.33"
"1760423973","0.10025","2025-10-14T12:09:33+05:30","73.33"
"1760424056","0.15825","2025-10-14T12:10:56+05:30","53.33"
"1760004994","0.2138","2025-10-09T15:46:34+05:30","65.56"
"1760423605","0.03725","2025-10-14T12:03:25+05:30","71.11"
"1760424003","0.07625","2025-10-14T12:10:03+05:30","73.89"
"61","0.09995","1970-01-01T00:01:01+05:30","63.33"
"1760186611","0.0769","2025-10-11T18:13:31+05:30","71.11"
"1760186945","0.1309","2025-10-11T18:19:05+05:30","53.33"
"1760424050","0.10425","2025-10-14T12:10:50+05:30","73.89"
"1760423615","0.11425","2025-10-14T12:03:35+05:30","73.89"
"1760186886","0.1849","2025-10-11T18:18:06+05:30","53.33"
"1760186927","0.1669","2025-10-11T18:18:47+05:30","73.33"
"1760186599","0.0959","2025-10-11T18:13:19+05:30","71.11"
"1760423902","0.05425","2025-10-14T12:08:22+05:30","74.44"
"1760424224","0.13125","2025-10-14T12:13:44+05:30","53.33"
"1760423541","0.20525","2025-10-14T12:02:21+05:30","53.33"
"1760186714","0.0529","2025-10-11T18:15:14+05:30","72.22"
"1760186948","0.1709","2025-10-11T18:19:08+05:30","73.89"
"1760005000","0.0388","2025-10-09T15:46:40+05:30","65"
"1760186660","0.1779","2025-10-11T18:14:20+05:30","71.11"
"1760423521","0.04225","2025-10-14T12:02:01+05:30","53.33"
"1760423949","0.16425","2025-10-14T12:09:09+05:30","73.89"
"1760004899","0.0958","2025-10-09T15:44:59+05:30","63.89"
"1760423969","0.19125","2025-10-14T12:09:29+05:30","53.33"
"1760424128","0.18825","2025-10-14T12:12:08+05:30","53.33"
"1760423833","0.13525","2025-10-14T12:07:13+05:30","53.33"
"1760423478","0.20925","2025-10-14T12:01:18+05:30","53.33"
"1760186893","0.2309","2025-10-11T18:18:13+05:30","53.33"
"1760004810","0.1568","2025-10-09T15:43:30+05:30","53.33"
"1760423907","'-0.00275","2025-10-14T12:08:27+05:30","72.78"
"1760004904","0.0838","2025-10-09T15:45:04+05:30","53.33"
"1760423540","0.11725","2025-10-14T12:02:20+05:30","53.33"
"1760424131","0.15525","2025-10-14T12:12:11+05:30","53.33"
"1760004975","0.1888","2025-10-09T15:46:15+05:30","53.33"
"33","'-0.0332","1970-01-01T00:00:33+05:30","58.89"
"1760424104","0.16425","2025-10-14T12:11:44+05:30","53.33"
"1760186925","0.1389","2025-10-11T18:18:45+05:30","72.78"
"1760423863","0.15925","2025-10-14T12:07:43+05:30","72.78"
"1760424096","0.25025","2025-10-14T12:11:36+05:30","53.33"
"1760004871","0.0808","2025-10-09T15:44:31+05:30","53.33"
"1760424038","0.17525","2025-10-14T12:10:38+05:30","53.33"
"1760005054","0.0898","2025-10-09T15:47:34+05:30","53.33"
"1760187093","0.1309","2025-10-11T18:21:33+05:30","53.33"
"1760424125","0.11925","2025-10-14T12:12:05+05:30","53.33"
"1760004919","0.1058","2025-10-09T15:45:19+05:30","64.44"
"1760005022","0.1198","2025-10-09T15:47:02+05:30","64.44"
"1760005026","0.0898","2025-10-09T15:47:06+05:30","66.11"
"1760186906","0.0669","2025-10-11T18:18:26+05:30","73.33"
"1760423519","0.07525","2025-10-14T12:01:59+05:30","53.33"
"1760424147","0.18925","2025-10-14T12:12:27+05:30","53.33"
"1760423493","0.09025","2025-10-14T12:01:33+05:30","53.33"
"1760186942","0.2139","2025-10-11T18:19:02+05:30","73.33"
"1760004874","0.0718","2025-10-09T15:44:34+05:30","65"
"1760424095","0.17325","2025-10-14T12:11:35+05:30","53.33"
"1760005073","0.0148","2025-10-09T15:47:53+05:30","66.67"
"1760424234","0.13925","2025-10-14T12:13:54+05:30","53.33"
"1760004809","0.2148","2025-10-09T15:43:29+05:30","62.22"
"1760424013","0.11725","2025-10-14T12:10:13+05:30","53.33"
"34","'-0.0042","1970-01-01T00:00:34+05:30","53.33"
"1760424148","0.14425","2025-10-14T12:12:28+05:30","53.33"
"35","0.1058","1970-01-01T00:00:35+05:30","60.56"
"1760004925","0.1818","2025-10-09T15:45:25+05:30","65"
"1760004862","0.0518","2025-10-09T15:44:22+05:30","63.89"
"1760423474","0.10925","2025-10-14T12:01:14+05:30","53.33"
"1760186670","0.2529","2025-10-11T18:14:30+05:30","53.33"
"42","0.0908","1970-01-01T05:30:42+05:30","53.33"
"1760423463","0.18225","2025-10-14T12:01:03+05:30","53.33"
"1760004888","0.0498","2025-10-09T15:44:48+05:30","63.89"
"1760187037","0.1999","2025-10-11T18:20:37+05:30","53.33"
"1760424134","0.09825","2025-10-14T12:12:14+05:30","53.33"
"1760005090","0.1478","2025-10-09T15:48:10+05:30","66.11"
"1760423572","0.17725","2025-10-14T12:02:52+05:30","53.33"
"1760186937","0.1289","2025-10-11T18:18:57+05:30","73.33"
"1760004801","0.0128","2025-10-09T15:43:21+05:30","62.22"
"1760423809","0.01625","2025-10-14T12:06:49+05:30","53.33"
"1760186866","0.1639","2025-10-11T18:17:46+05:30","53.33"
"1760424199","0.14325","2025-10-14T12:13:19+05:30","73.33"
"1760424122","0.15925","2025-10-14T12:12:02+05:30","53.33"
"1760186668","0.2079","2025-10-11T18:14:28+05:30","72.22"
"1760186616","0.0529","2025-10-11T18:13:36+05:30","53.33"
"1760423778","0.13425","2025-10-14T12:06:18+05:30","53.33"
"1760423853","0.07925","2025-10-14T12:07:33+05:30","72.22"
"1760186753","0.1909","2025-10-11T18:15:53+05:30","53.33"
"1760186680","0.2049","2025-10-11T18:14:40+05:30","53.33"
"1759487081","0.07395","2025-10-03T15:54:41+05:30","65"
"1760423875","0.17025","2025-10-14T12:07:55+05:30","53.33"
"77","0.08195","1970-01-01T00:01:17+05:30","63.89"
"1760186903","0.2039","2025-10-11T18:18:23+05:30","73.33"
"1760187043","0.1939","2025-10-11T18:20:43+05:30","53.33"
"49","'-0.16805","1970-01-01T00:00:49+05:30","53.33"
"1760423578","'-0.05275","2025-10-14T12:02:58+05:30","70"
"1760423500","0.19825","2025-10-14T12:01:40+05:30","53.33"
"1760005097","0.0408","2025-10-09T15:48:17+05:30","53.33"
"1760186645","0.0409","2025-10-11T18:14:05+05:30","53.33"
"37","0.1978","1970-01-01T00:00:37+05:30","61.67"
"1760004944","0.0548","2025-10-09T15:45:44+05:30","53.33"
"1760005074","0.0758","2025-10-09T15:47:54+05:30","66.11"
"1760186825","0.1919","2025-10-11T18:17:05+05:30","53.33"
"1760186635","0.1679","2025-10-11T18:13:55+05:30","53.33"
"1760423548","0.11225","2025-10-14T12:02:28+05:30","53.33"
"1760423520","0.11025","2025-10-14T12:02:00+05:30","53.33"
"1760424018","0.22025","2025-10-14T12:10:18+05:30","53.33"
"1760186786","0.0399","2025-10-11T18:16:26+05:30","72.22"
"1760424041","0.10225","2025-10-14T12:10:41+05:30","53.33"
"1760004855","0.1078","2025-10-09T15:44:15+05:30","63.33"
"1760005048","0.2178","2025-10-09T15:47:28+05:30","66.11"
"1760424169","0.18825","2025-10-14T12:12:49+05:30","53.33"
"1760004784","0.2108","2025-10-09T15:43:04+05:30","53.33"
"1760423958","0.14925","2025-10-14T12:09:18+05:30","53.33"
"1760187048","0.1049","2025-10-11T18:20:48+05:30","53.33"
"1760187063","0.0939","2025-10-11T18:21:03+05:30","53.33"
"1760186970","0.1279","2025-10-11T18:19:30+05:30","53.33"
"1760186914","0.0999","2025-10-11T18:18:34+05:30","53.33"
"1760005033","0.2178","2025-10-09T15:47:13+05:30","53.33"
"1760423942","0.05425","2025-10-14T12:09:02+05:30","73.33"
"1760186652","0.0129","2025-10-11T18:14:12+05:30","53.33"
"1760004790","0.0568","2025-10-09T15:43:10+05:30","53.33"
"1759487077","0.05195","2025-10-03T15:54:37+05:30","53.33"
"1760423944","0.09825","2025-10-14T12:09:04+05:30","53.33"
"1760423485","0.12125","2025-10-14T12:01:25+05:30","53.33"
"1760004837","0.1458","2025-10-09T15:43:57+05:30","53.33"
"1760187013","0.1639","2025-10-11T18:20:13+05:30","53.33"
"1760186961","0.1139","2025-10-11T18:19:21+05:30","73.33"
"1760004803","0.0628","2025-10-09T15:43:23+05:30","62.22"
"1760187102","0.1939","2025-10-11T18:21:42+05:30","53.33"
"1760187001","0.2349","2025-10-11T18:20:01+05:30","53.33"
"1760186899","0.2209","2025-10-11T18:18:19+05:30","53.33"
"1760423931","0.13625","2025-10-14T12:08:51+05:30","73.89"
"1760423558","0.09325","2025-10-14T12:02:38+05:30","53.33"
"1760004876","0.1318","2025-10-09T15:44:36+05:30","53.33"
"1759487088","'-0.00805","2025-10-03T15:54:48+05:30","53.33"
"1760424177","0.07025","2025-10-14T12:12:57+05:30","53.33"
"1760424145","0.15525","2025-10-14T12:12:25+05:30","53.33"
"1760423943","0.13325","2025-10-14T12:09:03+05:30","53.33"
"1760186849","0.0769","2025-10-11T18:17:29+05:30","53.33"
"1760004961","'-0.0282","2025-10-09T15:46:01+05:30","53.33"
"1760004822","0.1738","2025-10-09T15:43:42+05:30","53.33"
"1760186997","0.1509","2025-10-11T18:19:57+05:30","53.33"
"92","0.06295","1970-01-01T05:31:32+05:30","65"
"1760186705","0.0849","2025-10-11T18:15:05+05:30","53.33"
"1760423870","0.16325","2025-10-14T12:07:50+05:30","53.33"
"1760424020","0.20225","2025-10-14T12:10:20+05:30","53.33"
"1760186591","0.0829","2025-10-11T18:13:11+05:30","53.33"
"51","'-0.13705","1970-01-01T00:00:51+05:30","60"
"1760423743","0.13525","2025-10-14T12:05:43+05:30","53.33"
"1760187085","0.1979","2025-10-11T18:21:25+05:30","53.33"
"1760423736","0.10725","2025-10-14T12:05:36+05:30","53.33"
"1760423748","0.11725","2025-10-14T12:05:48+05:30","72.22"
"1760186785","0.1519","2025-10-11T18:16:25+05:30","53.33"
"1760004932","0.0878","2025-10-09T15:45:32+05:30","53.33"
"1760186960","0.1689","2025-10-11T18:19:20+05:30","53.33"
"1760004825","0.1358","2025-10-09T15:43:45+05:30","53.33"
"64","0.05495","1970-01-01T00:01:04+05:30","63.33"
"1760424152","0.10625","2025-10-14T12:12:32+05:30","73.33"
"87","0.06495","1970-01-01T05:31:27+05:30","65"
"1760423567","0.15325","2025-10-14T12:02:47+05:30","53.33"
"1760423728","0.21325","2025-10-14T12:05:28+05:30","53.33"
"1760424105","0.16225","2025-10-14T12:11:45+05:30","53.33"
"1760004950","0.0598","2025-10-09T15:45:50+05:30","53.33"
"1760005094","'-0.0382","2025-10-09T15:48:14+05:30","53.33"
"1760186939","0.1949","2025-10-11T18:18:59+05:30","53.33"
"1760004798","0.0778","2025-10-09T15:43:18+05:30","61.67"
"1760186940","0.1409","2025-10-11T18:19:00+05:30","53.33"
"1760423579","0.08525","2025-10-14T12:02:59+05:30","71.67"
"1760423524","0.17325","2025-10-14T12:02:04+05:30","53.33"
"1760004934","0.1558","2025-10-09T15:45:34+05:30","53.33"
"1760424075","0.16925","2025-10-14T12:11:15+05:30","53.33"
"43","0.1808","1970-01-01T05:30:43+05:30","53.33"
"1760004881","0.0488","2025-10-09T15:44:41+05:30","53.33"
"1760004945","0.1698","2025-10-09T15:45:45+05:30","65.56"
"1760186973","0.0749","2025-10-11T18:19:33+05:30","72.78"
"1760424194","0.06625","2025-10-14T12:13:14+05:30","73.33"
"1760186742","0.1579","2025-10-11T18:15:42+05:30","53.33"
"1760005056","0.0988","2025-10-09T15:47:36+05:30","66.11"
"1760424023","0.12825","2025-10-14T12:10:23+05:30","73.89"
"1760424176","0.07225","2025-10-14T12:12:56+05:30","53.33"
"1760423795","0.17125","2025-10-14T12:06:35+05:30","53.33"
"1760423794","0.17025","2025-10-14T12:06:34+05:30","73.33"
"1760005082","0.1248","2025-10-09T15:48:02+05:30","53.33"
"1760005010","0.0778","2025-10-09T15:46:50+05:30","65.56"
"1760005047","0.0148","2025-10-09T15:47:27+05:30","53.33"
"1760187081","0.2049","2025-10-11T18:21:21+05:30","53.33"
"1760423776","0.10025","2025-10-14T12:06:16+05:30","53.33"
"1760186626","0.1369","2025-10-11T18:13:46+05:30","53.33"
"1760004910","0.0708","2025-10-09T15:45:10+05:30","63.89"
"1760186608","0.1789","2025-10-11T18:13:28+05:30","53.33"
"1760423825","0.21025","2025-10-14T12:07:05+05:30","73.33"
"1760187006","0.1759","2025-10-11T18:20:06+05:30","53.33"
"1760424232","0.13725","2025-10-14T12:13:52+05:30","72.78"
"1760004820","0.1318","2025-10-09T15:43:40+05:30","53.33"
"1759487095","'-0.03805","2025-10-03T15:54:55+05:30","53.33"
"5","'-0.0112","1970-01-01T00:00:05+05:30","53.33"
"1760187025","0.2289","2025-10-11T18:20:25+05:30","53.33"
"1760186799","0.1339","2025-10-11T18:16:39+05:30","72.22"
"1760424107","0.21525","2025-10-14T12:11:47+05:30","53.33"
"1760424239","0.16425","2025-10-14T12:13:59+05:30","53.33"
"1760423581","0.05425","2025-10-14T12:03:01+05:30","53.33"
"1760005006","0.1008","2025-10-09T15:46:46+05:30","65.56"
"1760004914","0.2948","2025-10-09T15:45:14+05:30","65"
"1760424078","0.11625","2025-10-14T12:11:18+05:30","53.33"
"1760187056","0.1279","2025-10-11T18:20:56+05:30","53.33"
"1760186755","0.1249","2025-10-11T18:15:55+05:30","53.33"
"1760186797","0.2659","2025-10-11T18:16:37+05:30","53.33"
"1760186912","0.0609","2025-10-11T18:18:32+05:30","73.33"
"1760004908","0.0748","2025-10-09T15:45:08+05:30","53.33"
"1760423885","0.22625","2025-10-14T12:08:05+05:30","53.33"
"1760423927","0.20125","2025-10-14T12:08:47+05:30","53.33"
"22","0.0488","1970-01-01T00:00:22+05:30","61.11"
"1760423598","0.13525","2025-10-14T12:03:18+05:30","72.22"
"1760004811","0.1348","2025-10-09T15:43:31+05:30","53.33"
"1760424215","0.25325","2025-10-14T12:13:35+05:30","73.89"
"1760004886","'-0.0122","2025-10-09T15:44:46+05:30","53.33"
"1760424099","0.06525","2025-10-14T12:11:39+05:30","53.33"
"1760423959","0.12925","2025-10-14T12:09:19+05:30","73.89"
"1760186872","0.1819","2025-10-11T18:17:52+05:30","53.33"
"1760004824","0.0698","2025-10-09T15:43:44+05:30","62.78"
"1760424109","0.12025","2025-10-14T12:11:49+05:30","73.33"
"1760186944","0.1689","2025-10-11T18:19:04+05:30","53.33"
"1760005101","0.0348","2025-10-09T15:48:21+05:30","66.11"
"1760423731","0.08625","2025-10-14T12:05:31+05:30","72.78"
"1760187041","0.1639","2025-10-11T18:20:41+05:30","53.33"
"1760424175","0.09125","2025-10-14T12:12:55+05:30","53.33"
"1760186993","0.1499","2025-10-11T18:19:53+05:30","53.33"
"1760423566","0.13125","2025-10-14T12:02:46+05:30","53.33"
"1760004988","0.0078","2025-10-09T15:46:28+05:30","66.11"
"1760187005","0.0949","2025-10-11T18:20:05+05:30","73.89"
"1760423946","0.26425","2025-10-14T12:09:06+05:30","53.33"
"1759487105","0.00195","2025-10-03T15:55:05+05:30","53.33"
"1760424113","0.16125","2025-10-14T12:11:53+05:30","53.33"
"1760423769","0.16825","2025-10-14T12:06:09+05:30","72.22"
"1760004853","0.1978","2025-10-09T15:44:13+05:30","53.33"
"1760424045","0.13525","2025-10-14T12:10:45+05:30","53.33"
"1760186905","0.1669","2025-10-11T18:18:25+05:30","73.33"
"1760004999","0.0988","2025-10-09T15:46:39+05:30","65.56"
"1760004844","'-0.0272","2025-10-09T15:44:04+05:30","53.33"
"1760186982","0.2329","2025-10-11T18:19:42+05:30","53.33"
"1760004849","0.2188","2025-10-09T15:44:09+05:30","53.33"
"68","'-0.12105","1970-01-01T00:01:08+05:30","53.33"
"1760424247","0.11825","2025-10-14T12:14:07+05:30","73.33"
"1760186876","0.1169","2025-10-11T18:17:56+05:30","72.78"
"1760423580","0.12125","2025-10-14T12:03:00+05:30","71.67"
"1760424029","0.16125","2025-10-14T12:10:29+05:30","53.33"
"1760424222","0.20525","2025-10-14T12:13:42+05:30","53.33"
"1760423595","0.00625","2025-10-14T12:03:15+05:30","71.67"
"1760005067","0.1388","2025-10-09T15:47:47+05:30","53.33"
"90","0.06695","1970-01-01T05:31:30+05:30","65"
"1759487110","0.06395","2025-10-03T15:55:10+05:30","53.33"
"1760424129","0.12825","2025-10-14T12:12:09+05:30","53.33"
"1760424146","0.18525","2025-10-14T12:12:26+05:30","73.33"
"1759487098","'-0.01005","2025-10-03T15:54:58+05:30","53.33"
"1760186732","0.0759","2025-10-11T18:15:32+05:30","71.67"
"1760005001","0.1578","2025-10-09T15:46:41+05:30","53.33"
"1760424054","0.18225","2025-10-14T12:10:54+05:30","53.33"
"1760186654","0.1509","2025-10-11T18:14:14+05:30","71.67"
"1760186930","0.2059","2025-10-11T18:18:50+05:30","73.33"
"1760187002","0.0639","2025-10-11T18:20:02+05:30","53.33"
"1760186865","0.0719","2025-10-11T18:17:45+05:30","53.33"
"1760423737","0.08825","2025-10-14T12:05:37+05:30","72.78"
"1760005062","0.0158","2025-10-09T15:47:42+05:30","53.33"
"1760187079","0.1279","2025-10-11T18:21:19+05:30","73.89"
"1760423952","0.12325","2025-10-14T12:09:12+05:30","53.33"
"1760423920","0.15425","2025-10-14T12:08:40+05:30","74.44"
"1760004900","0.1508","2025-10-09T15:45:00+05:30","53.33"
"1760186936","0.1559","2025-10-11T18:18:56+05:30","73.33"
"29","0.2338","1970-01-01T00:00:29+05:30","53.33"
"1760423467","0.10025","2025-10-14T12:01:07+05:30","53.33"
"24","0.0558","1970-01-01T00:00:24+05:30","53.33"
"1760186632","0.1239","2025-10-11T18:13:52+05:30","53.33"
"1760423515","0.10225","2025-10-14T12:01:55+05:30","53.33"
"1760424233","0.13325","2025-10-14T12:13:53+05:30","53.33"
"83","0.06095","1970-01-01T05:31:23+05:30","64.44"
"1760186853","0.1629","2025-10-11T18:17:33+05:30","53.33"
"1760004878","0.0798","2025-10-09T15:44:38+05:30","63.89"
"1760186837","0.1689","2025-10-11T18:17:17+05:30","53.33"
"1760423721","0.13925","2025-10-14T12:05:21+05:30","53.33"
"1760186964","0.1239","2025-10-11T18:19:24+05:30","53.33"
"1760423783","0.01925","2025-10-14T12:06:23+05:30","53.33"
"1760186862","0.1599","2025-10-11T18:17:42+05:30","53.33"
"1760187092","0.0499","2025-10-11T18:21:32+05:30","53.33"
"1760423723","0.09225","2025-10-14T12:05:23+05:30","53.33"
"23","0.1728","1970-01-01T00:00:23+05:30","61.11"
"1760424139","0.09725","2025-10-14T12:12:19+05:30","53.33"
"1760004805","0.1848","2025-10-09T15:43:25+05:30","53.33"
"1760186773","0.0139","2025-10-11T18:16:13+05:30","72.78"
"1760424206","0.18325","2025-10-14T12:13:26+05:30","53.33"
"1760186831","0.1549","2025-10-11T18:17:11+05:30","53.33"
"1760186833","0.1549","2025-10-11T18:17:13+05:30","73.33"
"1760424063","0.19325","2025-10-14T12:11:03+05:30","53.33"
"30","0.0278","1970-01-01T00:00:30+05:30","53.33"
"1760004859","0.1758","2025-10-09T15:44:19+05:30","53.33"
"1760423851","0.08825","2025-10-14T12:07:31+05:30","53.33"
"1760186634","0.1319","2025-10-11T18:13:54+05:30","53.33"
"1760186795","0.1119","2025-10-11T18:16:35+05:30","53.33"
"15","'-0.1112","1970-01-01T00:00:15+05:30","53.33"
"1760004997","0.0568","2025-10-09T15:46:37+05:30","53.33"
"1760424124","0.15025","2025-10-14T12:12:04+05:30","53.33"
"1760423608","0.17025","2025-10-14T12:03:28+05:30","53.33"
"1760186728","0.1189","2025-10-11T18:15:28+05:30","53.33"
"1760423503","0.08025","2025-10-14T12:01:43+05:30","53.33"
"1760186593","0.0779","2025-10-11T18:13:13+05:30","53.33"
"1760423967","0.15925","2025-10-14T12:09:27+05:30","53.33"
"1760423762","0.16125","2025-10-14T12:06:02+05:30","53.33"
"1760424248","0.20625","2025-10-14T12:14:08+05:30","53.33"
"1760423554","0.14025","2025-10-14T12:02:34+05:30","53.33"
"1760424127","0.23725","2025-10-14T12:12:07+05:30","53.33"
"1760424115","0.14325","2025-10-14T12:11:55+05:30","73.33"
"1760187068","0.1899","2025-10-11T18:21:08+05:30","53.33"
"1760186929","0.2219","2025-10-11T18:18:49+05:30","53.33"
"1760186778","0.1399","2025-10-11T18:16:18+05:30","53.33"
"1760186710","0.2419","2025-10-11T18:15:10+05:30","53.33"
"1760423586","0.14525","2025-10-14T12:03:06+05:30","72.22"
"1760424116","0.16325","2025-10-14T12:11:56+05:30","73.33"
"1760004952","0.0068","2025-10-09T15:45:52+05:30","65"
"1760423551","0.19525","2025-10-14T12:02:31+05:30","53.33"
"1760423874","0.15425","2025-10-14T12:07:54+05:30","73.33"
"1760186610","0.1309","2025-10-11T18:13:30+05:30","53.33"
"1760004980","0.1038","2025-10-09T15:46:20+05:30","53.33"
"1760423861","0.17925","2025-10-14T12:07:41+05:30","53.33"
"1760004991","0.2458","2025-10-09T15:46:31+05:30","53.33"
"1760004946","'-0.0072","2025-10-09T15:45:46+05:30","65.56"
"1760186793","0.1729","2025-10-11T18:16:33+05:30","53.33"
"1760186954","0.1219","2025-10-11T18:19:14+05:30","53.33"
"1760186928","0.1029","2025-10-11T18:18:48+05:30","53.33"
"1760424184","0.16525","2025-10-14T12:13:04+05:30","73.33"
"1760423719","0.18025","2025-10-14T12:05:19+05:30","73.33"
"1760187012","0.1679","2025-10-11T18:20:12+05:30","53.33"
"1760004787","'-0.0392","2025-10-09T15:43:07+05:30","53.33"
"1760423756","0.15525","2025-10-14T12:05:56+05:30","53.33"
"1760005087","0.1578","2025-10-09T15:48:07+05:30","53.33"
"1760186765","0.1569","2025-10-11T18:16:05+05:30","53.33"
"28","'-0.0222","1970-01-01T00:00:28+05:30","53.33"
"1760424202","0.17825","2025-10-14T12:13:22+05:30","53.33"
"1760186830","0.1929","2025-10-11T18:17:10+05:30","53.33"
"1760424250","0.17625","2025-10-14T12:14:10+05:30","53.33"
"1760424123","0.16225","2025-10-14T12:12:03+05:30","53.33"
"1760423525","0.09325","2025-10-14T12:02:05+05:30","53.33"
"1760186846","0.0419","2025-10-11T18:17:26+05:30","72.78"
"1760186996","0.0969","2025-10-11T18:19:56+05:30","53.33"
"1760004774","0.0948","2025-10-09T15:42:54+05:30","61.11"
"1760186783","0.1259","2025-10-11T18:16:23+05:30","53.33"
"1760424087","0.20625","2025-10-14T12:11:27+05:30","53.33"
"1760186902","0.2039","2025-10-11T18:18:22+05:30","72.78"
"1760424166","0.25625","2025-10-14T12:12:46+05:30","53.33"
"1760187095","0.1239","2025-10-11T18:21:35+05:30","73.33"
"1760423786","0.20225","2025-10-14T12:06:26+05:30","53.33"
"1760423789","0.14125","2025-10-14T12:06:29+05:30","53.33"
"1760424171","0.18225","2025-10-14T12:12:51+05:30","53.33"
"1760186966","0.1289","2025-10-11T18:19:26+05:30","73.33"
"1760186947","0.1229","2025-10-11T18:19:07+05:30","53.33"
"1760423890","0.06525","2025-10-14T12:08:10+05:30","72.22"
"1760187036","0.1369","2025-10-11T18:20:36+05:30","53.33"
"1760423599","0.09625","2025-10-14T12:03:19+05:30","53.33"
"1760186631","0.1739","2025-10-11T18:13:51+05:30","53.33"
"1760424118","0.13025","2025-10-14T12:11:58+05:30","53.33"
"1760186916","0.0759","2025-10-11T18:18:36+05:30","53.33"
"1760424168","0.10925","2025-10-14T12:12:48+05:30","53.33"
"1760424103","0.13225","2025-10-14T12:11:43+05:30","53.33"
"1760423911","0.12125","2025-10-14T12:08:31+05:30","72.78"
"1760004775","0.0518","2025-10-09T15:42:55+05:30","61.11"
"1760004796","0.1098","2025-10-09T15:43:16+05:30","53.33"
"1760424133","0.15625","2025-10-14T12:12:13+05:30","53.33"
"1760423784","0.17425","2025-10-14T12:06:24+05:30","53.33"
"67","'-0.11505","1970-01-01T00:01:07+05:30","53.33"
"11","'-0.0602","1970-01-01T00:00:11+05:30","53.33"
"1760424144","0.20025","2025-10-14T12:12:24+05:30","53.33"
"1760423901","0.12625","2025-10-14T12:08:21+05:30","53.33"
"1760423514","0.13425","2025-10-14T12:01:54+05:30","53.33"
"1760186623","0.0499","2025-10-11T18:13:43+05:30","71.11"
"1760187027","0.1039","2025-10-11T18:20:27+05:30","53.33"
"1760004915","0.1548","2025-10-09T15:45:15+05:30","63.89"
"1760424028","0.16425","2025-10-14T12:10:28+05:30","53.33"
"1760424051","0.16525","2025-10-14T12:10:51+05:30","53.33"
"1760423760","0.20025","2025-10-14T12:06:00+05:30","53.33"
"1760186769","0.0529","2025-10-11T18:16:09+05:30","71.67"
"1760004887","0.3138","2025-10-09T15:44:47+05:30","64.44"
"1760424157","0.14525","2025-10-14T12:12:37+05:30","53.33"
"1760186673","0.0709","2025-10-11T18:14:33+05:30","71.11"
"1760186644","0.1769","2025-10-11T18:14:04+05:30","72.22"
"1760423896","0.15225","2025-10-14T12:08:16+05:30","53.33"
"1760423898","0.18325","2025-10-14T12:08:18+05:30","53.33"
"1760423882","0.14325","2025-10-14T12:08:02+05:30","53.33"
"1760186607","0.0769","2025-10-11T18:13:27+05:30","53.33"
"1760424088","0.05125","2025-10-14T12:11:28+05:30","53.33"
"1760186822","0.0889","2025-10-11T18:17:02+05:30","72.78"
"1760187014","0.1429","2025-10-11T18:20:14+05:30","53.33"
"1760423732","0.08425","2025-10-14T12:05:32+05:30","72.78"
"1760424089","0.19425","2025-10-14T12:11:29+05:30","53.33"
"1760186754","0.0919","2025-10-11T18:15:54+05:30","53.33"
"1760186709","0.2229","2025-10-11T18:15:09+05:30","71.11"
"91","0.06595","1970-01-01T05:31:31+05:30","65"
"1760424219","0.09825","2025-10-14T12:13:39+05:30","53.33"
"1760004958","0.0148","2025-10-09T15:45:58+05:30","53.33"
"1760423820","0.14225","2025-10-14T12:07:00+05:30","72.78"
"1760423939","0.19725","2025-10-14T12:08:59+05:30","53.33"
"1760187076","0.1989","2025-10-11T18:21:16+05:30","73.89"
"1760186817","0.1079","2025-10-11T18:16:57+05:30","72.22"
"1760186603","0.0569","2025-10-11T18:13:23+05:30","53.33"
"1760423840","'-0.01375","2025-10-14T12:07:20+05:30","53.33"
"1760186746","0.1389","2025-10-11T18:15:46+05:30","53.33"
"1760187094","0.1109","2025-10-11T18:21:34+05:30","73.89"
"1760004920","0.1468","2025-10-09T15:45:20+05:30","53.33"
"1760423775","0.02925","2025-10-14T12:06:15+05:30","53.33"
"1760004847","0.1348","2025-10-09T15:44:07+05:30","62.78"
"1760186731","0.1229","2025-10-11T18:15:31+05:30","72.78"
"1760186977","0.1549","2025-10-11T18:19:37+05:30","73.89"
"1760004955","0.0858","2025-10-09T15:45:55+05:30","66.11"
"84","0.07995","1970-01-01T05:31:24+05:30","64.44"
"94","0.05695","1970-01-01T05:31:34+05:30","65"
"1760423727","0.21625","2025-10-14T12:05:27+05:30","72.78"
"1760186718","0.1249","2025-10-11T18:15:18+05:30","53.33"
"1760186907","0.1879","2025-10-11T18:18:27+05:30","73.33"
"1760424221","0.21425","2025-10-14T12:13:41+05:30","53.33"
"1760423877","0.21325","2025-10-14T12:07:57+05:30","53.33"
"1760005025","0.0768","2025-10-09T15:47:05+05:30","53.33"
"1760423782","0.05725","2025-10-14T12:06:22+05:30","53.33"
"1760186800","0.0939","2025-10-11T18:16:40+05:30","71.67"
"1760424165","0.06225","2025-10-14T12:12:45+05:30","53.33"
"1760186984","0.1789","2025-10-11T18:19:44+05:30","53.33"
"1760423523","0.03025","2025-10-14T12:02:03+05:30","53.33"
"1760424218","0.14525","2025-10-14T12:13:38+05:30","73.33"
"1760423755","0.19925","2025-10-14T12:05:55+05:30","53.33"
"1760424198","0.19225","2025-10-14T12:13:18+05:30","53.33"
"1760423545","0.11525","2025-10-14T12:02:25+05:30","53.33"
"1760186804","0.0879","2025-10-11T18:16:44+05:30","72.78"
"1760423774","0.12925","2025-10-14T12:06:14+05:30","53.33"
"1760423740","0.17525","2025-10-14T12:05:40+05:30","53.33"
"1760186658","0.1109","2025-10-11T18:14:18+05:30","53.33"
"1760004821","0.1188","2025-10-09T15:43:41+05:30","53.33"
"1760186895","0.1629","2025-10-11T18:18:15+05:30","53.33"
"1760423842","0.03425","2025-10-14T12:07:22+05:30","72.78"
"1760004867","0.1298","2025-10-09T15:44:27+05:30","63.89"
"1760004845","0.1528","2025-10-09T15:44:05+05:30","63.33"
"1760186826","0.1569","2025-10-11T18:17:06+05:30","53.33"
"1760186856","0.1839","2025-10-11T18:17:36+05:30","53.33"
"1760424185","0.18625","2025-10-14T12:13:05+05:30","53.33"
"1760186733","0.2139","2025-10-11T18:15:33+05:30","53.33"
"1760423891","0.09725","2025-10-14T12:08:11+05:30","73.33"
"1760186760","0.0269","2025-10-11T18:16:00+05:30","53.33"
"1760186935","0.1779","2025-10-11T18:18:55+05:30","73.33"
"1760186604","0.0899","2025-10-11T18:13:24+05:30","71.67"
"1760187000","0.1309","2025-10-11T18:20:00+05:30","53.33"
"1760005002","0.0838","2025-10-09T15:46:42+05:30","53.33"
"57","'-0.05505","1970-01-01T00:00:57+05:30","53.33"
"1760424214","0.13025","2025-10-14T12:13:34+05:30","53.33"
"1760187082","0.2139","2025-10-11T18:21:22+05:30","73.33"
"1760186725","0.2179","2025-10-11T18:15:25+05:30","53.33"
"1760186844","0.1219","2025-10-11T18:17:24+05:30","53.33"
"1760424197","0.13425","2025-10-14T12:13:17+05:30","53.33"
"1760423535","0.12325","2025-10-14T12:02:15+05:30","53.33"
"1760423771","0.17125","2025-10-14T12:06:11+05:30","53.33"
"1760186867","0.1479","2025-10-11T18:17:47+05:30","53.33"
"1760186622","0.1469","2025-10-11T18:13:42+05:30","53.33"
"1760423856","0.14125","2025-10-14T12:07:36+05:30","53.33"
"1760187084","0.1449","2025-10-11T18:21:24+05:30","53.33"
"1760004924","0.0018","2025-10-09T15:45:24+05:30","65.56"
"1760187104","0.1159","2025-10-11T18:21:44+05:30","53.33"
"60","0.04795","1970-01-01T00:01:00+05:30","62.78"
"1759487090","0.02895","2025-10-03T15:54:50+05:30","64.44"
"1760424019","0.15725","2025-10-14T12:10:19+05:30","73.89"
"1760186676","0.0429","2025-10-11T18:14:36+05:30","53.33"
"1760423918","0.11425","2025-10-14T12:08:38+05:30","73.89"
"1760186963","0.1179","2025-10-11T18:19:23+05:30","53.33"
"1760004802","0.2008","2025-10-09T15:43:22+05:30","53.33"
"1760186986","0.1889","2025-10-11T18:19:46+05:30","53.33"
"1760424071","0.17025","2025-10-14T12:11:11+05:30","53.33"
"1760424205","0.12425","2025-10-14T12:13:25+05:30","73.33"
"1760423936","0.15525","2025-10-14T12:08:56+05:30","53.33"
"1760186727","0.1309","2025-10-11T18:15:27+05:30","72.22"
"1760423921","0.12025","2025-10-14T12:08:41+05:30","53.33"
"48","'-0.08605","1970-01-01T00:00:48+05:30","53.33"
"1760186792","0.1559","2025-10-11T18:16:32+05:30","72.22"
"1760004858","0.0958","2025-10-09T15:44:18+05:30","53.33"
"1760186762","0.1839","2025-10-11T18:16:02+05:30","72.22"
"1760186875","0.1279","2025-10-11T18:17:55+05:30","53.33"
"1760005044","0.2078","2025-10-09T15:47:24+05:30","53.33"
"74","'-0.06605","1970-01-01T00:01:14+05:30","53.33"
"1760424059","0.22725","2025-10-14T12:10:59+05:30","53.33"
"1760424257","0.07825","2025-10-14T12:14:17+05:30","53.33"
"1760004960","0.1278","2025-10-09T15:46:00+05:30","53.33"
"1760186887","0.1099","2025-10-11T18:18:07+05:30","73.33"
"1760423935","0.11425","2025-10-14T12:08:55+05:30","73.89"
"1760186874","0.1319","2025-10-11T18:17:54+05:30","53.33"
"1760004877","0.1008","2025-10-09T15:44:37+05:30","64.44"
"1760186723","0.2289","2025-10-11T18:15:23+05:30","53.33"
"1760186873","0.2089","2025-10-11T18:17:53+05:30","53.33"
"70","'-0.09305","1970-01-01T00:01:10+05:30","53.33"
"1760424183","0.19125","2025-10-14T12:13:03+05:30","53.33"
"1760005065","0.1578","2025-10-09T15:47:45+05:30","53.33"
"1760423483","0.06925","2025-10-14T12:01:23+05:30","53.33"
"1760186625","0.1539","2025-10-11T18:13:45+05:30","53.33"
"1760423923","0.01525","2025-10-14T12:08:43+05:30","73.33"
"1760186750","0.0319","2025-10-11T18:15:50+05:30","72.22"
"1760423487","0.11225","2025-10-14T12:01:27+05:30","53.33"
"1760004993","0.1348","2025-10-09T15:46:33+05:30","53.33"
"1760004846","0.0958","2025-10-09T15:44:06+05:30","62.78"
"1760186766","0.1509","2025-10-11T18:16:06+05:30","53.33"