ts,datetime,current,temperature,device_id,parsed_datetime,recon_error,anomaly_score,anomaly_current,current_anomaly_reason,current_severity,anomaly_temperature,temperature_anomaly_reason,temperature_severity,combined_severity,anomaly_threshold,anomaly_percentile,anomaly_isolation_forest,anomaly_zscore,anomaly_ensemble,anomaly_ensemble_smoothed
1759927661.0,2025-10-08T18:17:41+05:30,0.77495,60.0,d3,2025-10-08 18:17:41+05:30,15.852224740914325,-0.014914329101278885,0,,normal,0,,normal,normal,0,0,0,0,0,0
1759927662.0,2025-10-08T18:17:42+05:30,0.58695,53.33,d3,2025-10-08 18:17:42+05:30,17.68644006719007,-0.014912734979935812,0,,normal,0,,normal,normal,0,0,0,0,0,0
1759927663.0,2025-10-08T18:17:43+05:30,0.65695,53.33,d3,2025-10-08 18:17:43+05:30,13.205771182640024,-0.01491662914099628,0,,normal,0,,normal,normal,0,0,0,0,0,0
1759927664.0,2025-10-08T18:17:44+05:30,0.82595,53.33,d3,2025-10-08 18:17:44+05:30,11.758992414871164,-0.014917886540211825,0,,normal,0,,normal,normal,0,0,0,0,0,0
1759927665.0,2025-10-08T18:17:45+05:30,0.62495,53.33,d3,2025-10-08 18:17:45+05:30,16.025189405558685,-0.014914178777235923,0,,normal,0,,normal,normal,0,0,0,0,0,0
1759927666.0,2025-10-08T18:17:46+05:30,0.44595,59.44,d3,2025-10-08 18:17:46+05:30,20.65988693714735,-0.01491015074947498,0,,normal,0,,normal,normal,0,0,0,0,0,0
1759927667.0,2025-10-08T18:17:47+05:30,0.82195,58.89,d3,2025-10-08 18:17:47+05:30,12.56979481717782,-0.014917181869720846,0,,normal,0,,normal,normal,0,0,0,0,0,0
1759927668.0,2025-10-08T18:17:48+05:30,0.70595,53.33,d3,2025-10-08 18:17:48+05:30,16.070741952625337,-0.014914139187397984,0,,normal,0,,normal,normal,0,0,0,0,0,0
1759927669.0,2025-10-08T18:17:49+05:30,0.45695,53.33,d3,2025-10-08 18:17:49+05:30,17.649219854922897,-0.014912767328119757,0,,normal,0,,normal,normal,0,0,0,0,0,0
1759927670.0,2025-10-08T18:17:50+05:30,0.43395,59.44,d3,2025-10-08 18:17:50+05:30,19.34770846995014,-0.014911291167216841,0,,normal,0,,normal,normal,0,0,0,0,0,0
1759927671.0,2025-10-08T18:17:51+05:30,0.49995,59.44,d3,2025-10-08 18:17:51+05:30,16.422099435100648,-0.014913833821689914,0,,normal,0,,normal,normal,0,0,0,0,0,0
1759927672.0,2025-10-08T18:17:52+05:30,0.44295,53.33,d3,2025-10-08 18:17:52+05:30,16.539942060892766,-0.01491373140435526,0,,normal,0,,normal,normal,0,0,0,0,0,0
1759927673.0,2025-10-08T18:17:53+05:30,0.46495,53.33,d3,2025-10-08 18:17:53+05:30,13.22684628609233,-0.014916610824568681,0,,normal,0,,normal,normal,0,0,0,0,0,0
1759927674.0,2025-10-08T18:17:54+05:30,0.53795,60.0,d3,2025-10-08 18:17:54+05:30,16.84635833043369,-0.014913465097173034,0,,normal,0,,normal,normal,0,0,0,0,0,0
1759927675.0,2025-10-08T18:17:55+05:30,0.69695,59.44,d3,2025-10-08 18:17:55+05:30,13.41676045825889,-0.01491644576966435,0,,normal,0,,normal,normal,0,0,0,0,0,0
1759927676.0,2025-10-08T18:17:56+05:30,0.59795,60.0,d3,2025-10-08 18:17:56+05:30,16.640100511414307,-0.014913644356383642,0,,normal,0,,normal,normal,0,0,0,0,0,0
1759927677.0,2025-10-08T18:17:57+05:30,0.52895,59.44,d3,2025-10-08 18:17:57+05:30,16.28813653888493,-0.014913950249193805,0,,normal,0,,normal,normal,0,0,0,0,0,0
1759927678.0,2025-10-08T18:17:58+05:30,0.73195,53.33,d3,2025-10-08 18:17:58+05:30,13.202117753193155,-0.014916632316201377,0,,normal,0,,normal,normal,0,0,0,0,0,0
1759927679.0,2025-10-08T18:17:59+05:30,0.95695,53.33,d3,2025-10-08 18:17:59+05:30,11.658580663270124,-0.014917973808328076,0,,normal,0,,normal,normal,0,0,0,0,0,0
1759927680.0,2025-10-08T18:18:00+05:30,0.89495,53.33,d3,2025-10-08 18:18:00+05:30,14.058966297318308,-0.01491588762688797,0,,normal,0,,normal,normal,0,0,0,0,0,0
1759927681.0,2025-10-08T18:18:01+05:30,0.85495,53.33,d3,2025-10-08 18:18:01+05:30,14.56801698213117,-0.014915445209604817,0,,normal,0,,normal,normal,0,0,0,0,0,0
1759927682.0,2025-10-08T18:18:02+05:30,0.92495,53.33,d3,2025-10-08 18:18:02+05:30,13.955907041879891,-0.014915977195956737,0,,normal,0,,normal,normal,0,0,0,0,0,0
1759927683.0,2025-10-08T18:18:03+05:30,0.85895,53.33,d3,2025-10-08 18:18:03+05:30,15.543790009545457,-0.01491459716271157,0,,normal,0,,normal,normal,0,0,0,0,0,0
1759927684.0,2025-10-08T18:18:04+05:30,0.74595,53.33,d3,2025-10-08 18:18:04+05:30,16.26060773909722,-0.014913974174545788,0,,normal,0,,normal,normal,0,0,0,0,0,0
1759927685.0,2025-10-08T18:18:05+05:30,0.42995,60.0,d3,2025-10-08 18:18:05+05:30,25.72436989950242,-0.014905749194070745,0,,normal,0,,normal,normal,0,0,0,0,0,0
1759927686.0,2025-10-08T18:18:06+05:30,0.56595,59.44,d3,2025-10-08 18:18:06+05:30,17.058870846569118,-0.014913280401988782,0,,normal,0,,normal,normal,0,0,0,0,0,0
1759927687.0,2025-10-08T18:18:07+05:30,0.81695,53.33,d3,2025-10-08 18:18:07+05:30,13.656908122899141,-0.01491623705670017,0,,normal,0,,normal,normal,0,0,0,0,0,0
1759927688.0,2025-10-08T18:18:08+05:30,0.88495,53.33,d3,2025-10-08 18:18:08+05:30,12.725677781470559,-0.01491704639142839,0,,normal,0,,normal,normal,0,0,0,0,0,0
1759927689.0,2025-10-08T18:18:09+05:30,0.99095,53.33,d3,2025-10-08 18:18:09+05:30,12.590776862928749,-0.01491716363416994,0,,normal,0,,normal,normal,0,0,0,0,0,0
1759927690.0,2025-10-08T18:18:10+05:30,0.47195,60.0,d3,2025-10-08 18:18:10+05:30,27.688632240698052,-0.014904042048526472,0,,normal,0,,normal,normal,0,0,0,0,0,0
1759927691.0,2025-10-08T18:18:11+05:30,0.81895,53.33,d3,2025-10-08 18:18:11+05:30,14.954221649234144,-0.014915109558117338,0,,normal,0,,normal,normal,0,0,0,0,0,0
1759927692.0,2025-10-08T18:18:12+05:30,0.89695,59.44,d3,2025-10-08 18:18:12+05:30,17.33431675668747,-0.014913041011227026,0,,normal,0,,normal,normal,0,0,0,0,0,0
1759927693.0,2025-10-08T18:18:13+05:30,0.60895,53.33,d3,2025-10-08 18:18:13+05:30,20.330486866442666,-0.014910437031938987,0,,normal,0,,normal,normal,0,0,0,0,0,0
1759927694.0,2025-10-08T18:18:14+05:30,0.45395,53.33,d3,2025-10-08 18:18:14+05:30,17.973141314976672,-0.014912485807130615,0,,normal,0,,normal,normal,0,0,0,0,0,0
1759927695.0,2025-10-08T18:18:15+05:30,0.51895,53.33,d3,2025-10-08 18:18:15+05:30,15.618584828463975,-0.014914532158338595,0,,normal,0,,normal,normal,0,0,0,0,0,0
1759927696.0,2025-10-08T18:18:16+05:30,0.41895,60.0,d3,2025-10-08 18:18:16+05:30,21.61905373673266,-0.014909317135097827,0,,normal,0,,normal,normal,0,0,0,0,0,0
1759927697.0,2025-10-08T18:18:17+05:30,0.52595,53.33,d3,2025-10-08 18:18:17+05:30,15.006027953577737,-0.014915064533122574,0,,normal,0,,normal,normal,0,0,0,0,0,0
1759927698.0,2025-10-08T18:18:18+05:30,0.60095,53.33,d3,2025-10-08 18:18:18+05:30,12.600360767381176,-0.014917155304773484,0,,normal,0,,normal,normal,0,0,0,0,0,0
1759927699.0,2025-10-08T18:18:19+05:30,0.81595,53.33,d3,2025-10-08 18:18:19+05:30,11.349153944455466,-0.01491824273189965,0,,normal,0,,normal,normal,0,0,0,0,0,0
1759927700.0,2025-10-08T18:18:20+05:30,0.48095,60.56,d3,2025-10-08 18:18:20+05:30,23.567174484784623,-0.014907624018254422,0,,normal,0,,normal,normal,0,0,0,0,0,0
1759927701.0,2025-10-08T18:18:21+05:30,0.50495,60.0,d3,2025-10-08 18:18:21+05:30,17.386510418576364,-0.014912995649578807,0,,normal,0,,normal,normal,0,0,0,0,0,0
1759927702.0,2025-10-08T18:18:22+05:30,0.56895,59.44,d3,2025-10-08 18:18:22+05:30,15.585594906494109,-0.014914560829966166,0,,normal,0,,normal,normal,0,0,0,0,0,0
1759927703.0,2025-10-08T18:18:23+05:30,0.89795,53.33,d3,2025-10-08 18:18:23+05:30,12.894050701868924,-0.014916900058082374,0,,normal,0,,normal,normal,0,0,0,0,0,0
1759927704.0,2025-10-08T18:18:24+05:30,0.98795,53.33,d3,2025-10-08 18:18:24+05:30,12.65940480769339,-0.014917103989443436,0,,normal,0,,normal,normal,0,0,0,0,0,0
1759927705.0,2025-10-08T18:18:25+05:30,0.96695,53.33,d3,2025-10-08 18:18:25+05:30,14.143941851441173,-0.014915813774411367,0,,normal,0,,normal,normal,0,0,0,0,0,0
1759927706.0,2025-10-08T18:18:26+05:30,0.80795,60.0,d3,2025-10-08 18:18:26+05:30,20.956783777981208,-0.014909892715653173,0,,normal,0,,normal,normal,0,0,0,0,0,0
1759927707.0,2025-10-08T18:18:27+05:30,0.82095,59.44,d3,2025-10-08 18:18:27+05:30,17.56474309474942,-0.014912840747093231,0,,normal,0,,normal,normal,0,0,0,0,0,0
1759927708.0,2025-10-08T18:18:28+05:30,0.57695,53.33,d3,2025-10-08 18:18:28+05:30,21.147491035230882,-0.014909726971476517,0,,normal,0,,normal,normal,0,0,0,0,0,0
1759927709.0,2025-10-08T18:18:29+05:30,0.59695,53.33,d3,2025-10-08 18:18:29+05:30,16.276192095235466,-0.014913960630141058,0,,normal,0,,normal,normal,0,0,0,0,0,0
1759927710.0,2025-10-08T18:18:30+05:30,0.46995,53.33,d3,2025-10-08 18:18:30+05:30,17.29506788228656,-0.014913075122526546,0,,normal,0,,normal,normal,0,0,0,0,0,0
1759927711.0,2025-10-08T18:18:31+05:30,0.55295,60.0,d3,2025-10-08 18:18:31+05:30,18.738939956730803,-0.01491182024952578,0,,normal,0,,normal,normal,0,0,0,0,0,0
1759927712.0,2025-10-08T18:18:32+05:30,0.45495,53.33,d3,2025-10-08 18:18:32+05:30,17.30628575446612,-0.01491306537304446,0,,normal,0,,normal,normal,0,0,0,0,0,0
1759927713.0,2025-10-08T18:18:33+05:30,0.66995,53.33,d3,2025-10-08 18:18:33+05:30,11.743794981120338,-0.014917899748341292,0,,normal,0,,normal,normal,0,0,0,0,0,0
1759927714.0,2025-10-08T18:18:34+05:30,0.81395,53.33,d3,2025-10-08 18:18:34+05:30,11.838116823194923,-0.01491781777298136,0,,normal,0,,normal,normal,0,0,0,0,0,0
1759927715.0,2025-10-08T18:18:35+05:30,0.86395,53.33,d3,2025-10-08 18:18:35+05:30,12.691106975563983,-0.014917076437006328,0,,normal,0,,normal,normal,0,0,0,0,0,0
1759927716.0,2025-10-08T18:18:36+05:30,0.75295,60.0,d3,2025-10-08 18:18:36+05:30,19.237842704029216,-0.014911386651841696,0,,normal,0,,normal,normal,0,0,0,0,0,0
1759927717.0,2025-10-08T18:18:37+05:30,0.52895,60.0,d3,2025-10-08 18:18:37+05:30,20.571861658058484,-0.014910227252475537,0,,normal,0,,normal,normal,0,0,0,0,0,0
1759927718.0,2025-10-08T18:18:38+05:30,0.85295,53.33,d3,2025-10-08 18:18:38+05:30,13.973212752770095,-0.014915962155518086,0,,normal,0,,normal,normal,0,0,0,0,0,0
1759927719.0,2025-10-08T18:18:39+05:30,0.76695,53.33,d3,2025-10-08 18:18:39+05:30,14.816053642172033,-0.014915229640294079,0,,normal,0,,normal,normal,0,0,0,0,0,0
1759927720.0,2025-10-08T18:18:40+05:30,0.47595,53.33,d3,2025-10-08 18:18:40+05:30,18.785484937635857,-0.014911779797160993,0,,normal,0,,normal,normal,0,0,0,0,0,0
1759927721.0,2025-10-08T18:18:41+05:30,0.58095,60.0,d3,2025-10-08 18:18:41+05:30,18.635468837747457,-0.014911910176546233,0,,normal,0,,normal,normal,0,0,0,0,0,0
1759927722.0,2025-10-08T18:18:42+05:30,0.69495,53.33,d3,2025-10-08 18:18:42+05:30,15.151349287585592,-0.014914938233970656,0,,normal,0,,normal,normal,0,0,0,0,0,0
1759927723.0,2025-10-08T18:18:43+05:30,0.73995,53.33,d3,2025-10-08 18:18:43+05:30,12.97005224568274,-0.01491683400494163,0,,normal,0,,normal,normal,0,0,0,0,0,0
1759927724.0,2025-10-08T18:18:44+05:30,0.38895,60.56,d3,2025-10-08 18:18:44+05:30,24.758494282019242,-0.014906588639099104,0,,normal,0,,normal,normal,0,0,0,0,0,0
1759927725.0,2025-10-08T18:18:45+05:30,0.52995,53.33,d3,2025-10-08 18:18:45+05:30,15.791831078910864,-0.014914381589568676,0,,normal,0,,normal,normal,0,0,0,0,0,0
1759927726.0,2025-10-08T18:18:46+05:30,0.49995,53.33,d3,2025-10-08 18:18:46+05:30,14.881772218271328,-0.0149151725241075,0,,normal,0,,normal,normal,0,0,0,0,0,0
1759927727.0,2025-10-08T18:18:47+05:30,0.92195,53.33,d3,2025-10-08 18:18:47+05:30,10.991588021200737,-0.014918553493379859,0,,normal,0,,normal,normal,0,0,0,0,0,0
1759927728.0,2025-10-08T18:18:48+05:30,0.82895,53.33,d3,2025-10-08 18:18:48+05:30,13.916486814347001,-0.014916011456179712,0,,normal,0,,normal,normal,0,0,0,0,0,0
1759927729.0,2025-10-08T18:18:49+05:30,0.50695,53.33,d3,2025-10-08 18:18:49+05:30,18.85653453970434,-0.014911718047765789,0,,normal,0,,normal,normal,0,0,0,0,0,0
1759927730.0,2025-10-08T18:18:50+05:30,0.49695,53.33,d3,2025-10-08 18:18:50+05:30,16.321624870591105,-0.01491392114439703,0,,normal,0,,normal,normal,0,0,0,0,0,0
1759927731.0,2025-10-08T18:18:51+05:30,0.83895,60.0,d3,2025-10-08 18:18:51+05:30,16.678060492405663,-0.014913611365264761,0,,normal,0,,normal,normal,0,0,0,0,0,0
1759927732.0,2025-10-08T18:18:52+05:30,0.53295,53.33,d3,2025-10-08 18:18:52+05:30,20.025536491925596,-0.01491070206510801,0,,normal,0,,normal,normal,0,0,0,0,0,0
1759927733.0,2025-10-08T18:18:53+05:30,0.49095,53.33,d3,2025-10-08 18:18:53+05:30,15.458083353015196,-0.014914671650591188,0,,normal,0,,normal,normal,0,0,0,0,0,0
1759927734.0,2025-10-08T18:18:54+05:30,0.55695,53.33,d3,2025-10-08 18:18:54+05:30,14.034879287611531,-0.01491590856097118,0,,normal,0,,normal,normal,0,0,0,0,0,0
1759927735.0,2025-10-08T18:18:55+05:30,0.80595,53.33,d3,2025-10-08 18:18:55+05:30,11.830382862486134,-0.014917824494586862,0,,normal,0,,normal,normal,0,0,0,0,0,0
1759927736.0,2025-10-08T18:18:56+05:30,0.55195,60.56,d3,2025-10-08 18:18:56+05:30,22.14287261425183,-0.014908861882739724,0,,normal,0,,normal,normal,0,0,0,0,0,0
1759927737.0,2025-10-08T18:18:57+05:30,0.70695,60.56,d3,2025-10-08 18:18:57+05:30,15.793679453852116,-0.014914379983141175,0,,normal,0,,normal,normal,0,0,0,0,0,0
1759927738.0,2025-10-08T18:18:58+05:30,0.57095,53.33,d3,2025-10-08 18:18:58+05:30,17.846337228553516,-0.01491259601289417,0,,normal,0,,normal,normal,0,0,0,0,0,0
1759927739.0,2025-10-08T18:18:59+05:30,0.89295,53.33,d3,2025-10-08 18:18:59+05:30,11.451136653473048,-0.014918154098460196,0,,normal,0,,normal,normal,0,0,0,0,0,0
1759927740.0,2025-10-08T18:19:00+05:30,0.62795,61.11,d3,2025-10-08 18:19:00+05:30,23.587502084216602,-0.014907606351484526,0,,normal,0,,normal,normal,0,0,0,0,0,0
1759927741.0,2025-10-08T18:19:01+05:30,0.44495,60.56,d3,2025-10-08 18:19:01+05:30,21.195617905691154,-0.014909685144287378,0,,normal,0,,normal,normal,0,0,0,0,0,0
1759927742.0,2025-10-08T18:19:02+05:30,0.88595,53.33,d3,2025-10-08 18:19:02+05:30,13.623922177924225,-0.014916265724871322,0,,normal,0,,normal,normal,0,0,0,0,0,0
1759927743.0,2025-10-08T18:19:03+05:30,0.94095,53.33,d3,2025-10-08 18:19:03+05:30,13.173877520566743,-0.014916656859861502,0,,normal,0,,normal,normal,0,0,0,0,0,0
1759927744.0,2025-10-08T18:19:04+05:30,1.01095,53.33,d3,2025-10-08 18:19:04+05:30,13.150143863012817,-0.014916677486845432,0,,normal,0,,normal,normal,0,0,0,0,0,0
1759927745.0,2025-10-08T18:19:05+05:30,0.80695,53.33,d3,2025-10-08 18:19:05+05:30,16.583321028489788,-0.01491369370358093,0,,normal,0,,normal,normal,0,0,0,0,0,0
1759927746.0,2025-10-08T18:19:06+05:30,0.44895,60.0,d3,2025-10-08 18:19:06+05:30,27.0878622408623,-0.01490456417930648,0,,normal,0,,normal,normal,0,0,0,0,0,0
1759927747.0,2025-10-08T18:19:07+05:30,0.55995,53.33,d3,2025-10-08 18:19:07+05:30,18.306870812513917,-0.014912195761950417,0,,normal,0,,normal,normal,0,0,0,0,0,0
1759927748.0,2025-10-08T18:19:08+05:30,0.80795,53.33,d3,2025-10-08 18:19:08+05:30,12.977922136865997,-0.014916827165198597,0,,normal,0,,normal,normal,0,0,0,0,0,0
1759927749.0,2025-10-08T18:19:09+05:30,0.65295,53.33,d3,2025-10-08 18:19:09+05:30,15.609489978163191,-0.014914540062696805,0,,normal,0,,normal,normal,0,0,0,0,0,0
1759927750.0,2025-10-08T18:19:10+05:30,0.51495,53.33,d3,2025-10-08 18:19:10+05:30,16.20481840240408,-0.014914022661204396,0,,normal,0,,normal,normal,0,0,0,0,0,0
1759927751.0,2025-10-08T18:19:11+05:30,0.84895,53.33,d3,2025-10-08 18:19:11+05:30,11.649404552144562,-0.014917981783310283,0,,normal,0,,normal,normal,0,0,0,0,0,0
1759927752.0,2025-10-08T18:19:12+05:30,0.76095,60.56,d3,2025-10-08 18:19:12+05:30,20.35019611838417,-0.014910419902576515,0,,normal,0,,normal,normal,0,0,0,0,0,0
1759927753.0,2025-10-08T18:19:13+05:30,0.75495,61.11,d3,2025-10-08 18:19:13+05:30,18.320792374621863,-0.014912183662684333,0,,normal,0,,normal,normal,0,0,0,0,0,0
1759927754.0,2025-10-08T18:19:14+05:30,0.92095,53.33,d3,2025-10-08 18:19:14+05:30,14.968373272917361,-0.014915097258904138,0,,normal,0,,normal,normal,0,0,0,0,0,0
1759927755.0,2025-10-08T18:19:15+05:30,0.99095,53.33,d3,2025-10-08 18:19:15+05:30,13.446757316513205,-0.014916419699316293,0,,normal,0,,normal,normal,0,0,0,0,0,0
1759927756.0,2025-10-08T18:19:16+05:30,0.49895,61.11,d3,2025-10-08 18:19:16+05:30,29.59200355073479,-0.014902387823536827,0,,normal,0,,normal,normal,0,0,0,0,0,0
1759927757.0,2025-10-08T18:19:17+05:30,0.47895,60.56,d3,2025-10-08 18:19:17+05:30,21.243239879117823,-0.014909643755905571,0,,normal,0,,normal,normal,0,0,0,0,0,0
1759927758.0,2025-10-08T18:19:18+05:30,0.87695,53.33,d3,2025-10-08 18:19:18+05:30,14.624107178597981,-0.014915396461468191,0,,normal,0,,normal,normal,0,0,0,0,0,0
1759927759.0,2025-10-08T18:19:19+05:30,0.45095,53.33,d3,2025-10-08 18:19:19+05:30,21.20415287020513,-0.014909677726527367,0,,normal,0,,normal,normal,0,0,0,0,0,0
1759927760.0,2025-10-08T18:19:20+05:30,0.44295,61.11,d3,2025-10-08 18:19:20+05:30,22.71010627255474,-0.014908368898481955,0,,normal,0,,normal,normal,0,0,0,0,0,0
1759927761.0,2025-10-08T18:19:21+05:30,0.95495,53.33,d3,2025-10-08 18:19:21+05:30,14.212819114647221,-0.014915753913001555,0,,normal,0,,normal,normal,0,0,0,0,0,0
1759927762.0,2025-10-08T18:19:22+05:30,0.46495,60.0,d3,2025-10-08 18:19:22+05:30,26.31061108447721,-0.014905239690321774,0,,normal,0,,normal,normal,0,0,0,0,0,0
1759927763.0,2025-10-08T18:19:23+05:30,0.90295,53.33,d3,2025-10-08 18:19:23+05:30,13.823411011487199,-0.0149160923486037,0,,normal,0,,normal,normal,0,0,0,0,0,0
1759927764.0,2025-10-08T18:19:24+05:30,0.60895,53.33,d3,2025-10-08 18:19:24+05:30,18.153445539494,-0.014912329104256952,0,,normal,0,,normal,normal,0,0,0,0,0,0
1759927765.0,2025-10-08T18:19:25+05:30,0.45295,53.33,d3,2025-10-08 18:19:25+05:30,18.554175741458746,-0.014911980828589088,0,,normal,0,,normal,normal,0,0,0,0,0,0
1759927766.0,2025-10-08T18:19:26+05:30,0.90095,53.33,d3,2025-10-08 18:19:26+05:30,11.667059194516463,-0.014917966439614369,0,,normal,0,,normal,normal,0,0,0,0,0,0
1759927767.0,2025-10-08T18:19:27+05:30,0.81195,60.56,d3,2025-10-08 18:19:27+05:30,20.595661471108745,-0.014910206567995693,0,,normal,0,,normal,normal,0,0,0,0,0,0
1759927768.0,2025-10-08T18:19:28+05:30,0.56195,53.33,d3,2025-10-08 18:19:28+05:30,20.017109894786497,-0.014910709388685649,0,,normal,0,,normal,normal,0,0,0,0,0,0
1759927769.0,2025-10-08T18:19:29+05:30,0.47895,53.33,d3,2025-10-08 18:19:29+05:30,17.035264925021565,-0.014913300917957015,0,,normal,0,,normal,normal,0,0,0,0,0,0
1759927770.0,2025-10-08T18:19:30+05:30,0.46895,53.33,d3,2025-10-08 18:19:30+05:30,16.698136971936314,-0.01491359391674383,0,,normal,0,,normal,normal,0,0,0,0,0,0
1759927771.0,2025-10-08T18:19:31+05:30,0.65995,60.56,d3,2025-10-08 18:19:31+05:30,18.20674198970314,-0.014912282784172516,0,,normal,0,,normal,normal,0,0,0,0,0,0
1759927772.0,2025-10-08T18:19:32+05:30,0.44295,60.0,d3,2025-10-08 18:19:32+05:30,19.00556993453416,-0.014911588520713882,0,,normal,0,,normal,normal,0,0,0,0,0,0
1759927773.0,2025-10-08T18:19:33+05:30,0.60295,53.33,d3,2025-10-08 18:19:33+05:30,14.063297965560828,-0.014915883862223757,0,,normal,0,,normal,normal,0,0,0,0,0,0
1759927774.0,2025-10-08T18:19:34+05:30,0.61695,53.33,d3,2025-10-08 18:19:34+05:30,13.275084780363802,-0.014916568900366993,0,,normal,0,,normal,normal,0,0,0,0,0,0
1759927775.0,2025-10-08T18:19:35+05:30,0.88395,53.33,d3,2025-10-08 18:19:35+05:30,11.332763050187806,-0.014918256977268778,0,,normal,0,,normal,normal,0,0,0,0,0,0
1759927776.0,2025-10-08T18:19:36+05:30,0.66295,60.0,d3,2025-10-08 18:19:36+05:30,20.218094048834388,-0.014910534712831075,0,,normal,0,,normal,normal,0,0,0,0,0,0
1759927777.0,2025-10-08T18:19:37+05:30,0.88495,60.56,d3,2025-10-08 18:19:37+05:30,15.46779731215875,-0.014914663208163863,0,,normal,0,,normal,normal,0,0,0,0,0,0
1759927778.0,2025-10-08T18:19:38+05:30,0.78795,53.33,d3,2025-10-08 18:19:38+05:30,17.22768359763921,-0.01491313368638478,0,,normal,0,,normal,normal,0,0,0,0,0,0
1759927779.0,2025-10-08T18:19:39+05:30,0.66895,53.33,d3,2025-10-08 18:19:39+05:30,16.239627715810812,-0.014913992408338963,0,,normal,0,,normal,normal,0,0,0,0,0,0
1759927780.0,2025-10-08T18:19:40+05:30,0.93895,53.33,d3,2025-10-08 18:19:40+05:30,12.027030094949142,-0.014917653587962196,0,,normal,0,,normal,normal,0,0,0,0,0,0
1759927781.0,2025-10-08T18:19:41+05:30,0.86995,60.56,d3,2025-10-08 18:19:41+05:30,20.361626906308594,-0.014910409968048795,0,,normal,0,,normal,normal,0,0,0,0,0,0
1759927782.0,2025-10-08T18:19:42+05:30,0.67995,53.33,d3,2025-10-08 18:19:42+05:30,19.03772835800765,-0.014911560571743832,0,,normal,0,,normal,normal,0,0,0,0,0,0
1759927783.0,2025-10-08T18:19:43+05:30,0.94295,53.33,d3,2025-10-08 18:19:43+05:30,12.129170164135928,-0.014917564817760607,0,,normal,0,,normal,normal,0,0,0,0,0,0
1759927784.0,2025-10-08T18:19:44+05:30,0.82795,53.33,d3,2025-10-08 18:19:44+05:30,15.270625693645966,-0.014914834570533815,0,,normal,0,,normal,normal,0,0,0,0,0,0
1759927785.0,2025-10-08T18:19:45+05:30,0.80695,61.11,d3,2025-10-08 18:19:45+05:30,21.427510759964544,-0.014909483605600503,0,,normal,0,,normal,normal,0,0,0,0,0,0
1759927786.0,2025-10-08T18:19:46+05:30,0.49395,53.33,d3,2025-10-08 18:19:46+05:30,22.433383237085053,-0.014908609399196698,0,,normal,0,,normal,normal,0,0,0,0,0,0
1759927787.0,2025-10-08T18:19:47+05:30,0.85395,53.33,d3,2025-10-08 18:19:47+05:30,12.16423045030269,-0.01491753434677409,0,,normal,0,,normal,normal,0,0,0,0,0,0
1759927788.0,2025-10-08T18:19:48+05:30,0.45795,53.33,d3,2025-10-08 18:19:48+05:30,20.556337382212554,-0.014910240744664328,0,,normal,0,,normal,normal,0,0,0,0,0,0
1759927789.0,2025-10-08T18:19:49+05:30,0.48895,53.33,d3,2025-10-08 18:19:49+05:30,15.683203689339964,-0.0149144759979174,0,,normal,0,,normal,normal,0,0,0,0,0,0
1759927790.0,2025-10-08T18:19:50+05:30,0.85395,53.33,d3,2025-10-08 18:19:50+05:30,11.391662531064219,-0.014918205787575717,0,,normal,0,,normal,normal,0,0,0,0,0,0
1759927791.0,2025-10-08T18:19:51+05:30,0.53095,61.11,d3,2025-10-08 18:19:51+05:30,25.179655257054936,-0.014906222606992862,0,,normal,0,,normal,normal,0,0,0,0,0,0
1759927792.0,2025-10-08T18:19:52+05:30,0.52395,60.56,d3,2025-10-08 18:19:52+05:30,18.407682621744435,-0.01491210814614303,0,,normal,0,,normal,normal,0,0,0,0,0,0
1759927793.0,2025-10-08T18:19:53+05:30,0.57395,53.33,d3,2025-10-08 18:19:53+05:30,16.43897636825379,-0.01491381915390312,0,,normal,0,,normal,normal,0,0,0,0,0,0
1759927794.0,2025-10-08T18:19:54+05:30,0.41095,53.33,d3,2025-10-08 18:19:54+05:30,17.24707933316415,-0.014913116829500249,0,,normal,0,,normal,normal,0,0,0,0,0,0
1759927795.0,2025-10-08T18:19:55+05:30,0.45195,53.33,d3,2025-10-08 18:19:55+05:30,13.744875210242402,-0.014916160604274212,0,,normal,0,,normal,normal,0,0,0,0,0,0
1759927796.0,2025-10-08T18:19:56+05:30,0.49895,61.11,d3,2025-10-08 18:19:56+05:30,20.071789612333966,-0.014910661866399945,0,,normal,0,,normal,normal,0,0,0,0,0,0
1759927797.0,2025-10-08T18:19:57+05:30,0.49495,60.0,d3,2025-10-08 18:19:57+05:30,16.051053703826568,-0.01491415629850657,0,,normal,0,,normal,normal,0,0,0,0,0,0
1759927798.0,2025-10-08T18:19:58+05:30,0.86795,53.33,d3,2025-10-08 18:19:58+05:30,12.594423342489849,-0.014917160465005005,0,,normal,0,,normal,normal,0,0,0,0,0,0
1759927799.0,2025-10-08T18:19:59+05:30,0.84295,53.33,d3,2025-10-08 18:19:59+05:30,13.34891115351129,-0.014916504737672772,0,,normal,0,,normal,normal,0,0,0,0,0,0
1759927800.0,2025-10-08T18:20:00+05:30,0.86195,53.33,d3,2025-10-08 18:20:00+05:30,13.51002806982011,-0.014916364710538914,0,,normal,0,,normal,normal,0,0,0,0,0,0
1759927801.0,2025-10-08T18:20:01+05:30,0.36795,60.56,d3,2025-10-08 18:20:01+05:30,29.00541489394863,-0.014902897629274455,0,,normal,0,,normal,normal,0,0,0,0,0,0
1759927802.0,2025-10-08T18:20:02+05:30,0.72395,60.56,d3,2025-10-08 18:20:02+05:30,16.41562551314471,-0.014913839448192438,0,,normal,0,,normal,normal,0,0,0,0,0,0
1759927803.0,2025-10-08T18:20:03+05:30,0.56495,53.33,d3,2025-10-08 18:20:03+05:30,19.15245428004144,-0.014911460863144578,0,,normal,0,,normal,normal,0,0,0,0,0,0
1759927804.0,2025-10-08T18:20:04+05:30,0.58995,53.33,d3,2025-10-08 18:20:04+05:30,14.630478393578482,-0.014915390924228571,0,,normal,0,,normal,normal,0,0,0,0,0,0
1759927805.0,2025-10-08T18:20:05+05:30,0.50495,53.33,d3,2025-10-08 18:20:05+05:30,15.1011081486257,-0.014914981898676086,0,,normal,0,,normal,normal,0,0,0,0,0,0
1759927806.0,2025-10-08T18:20:06+05:30,0.43995,61.11,d3,2025-10-08 18:20:06+05:30,22.657289460413427,-0.014908414801711692,0,,normal,0,,normal,normal,0,0,0,0,0,0
1759927807.0,2025-10-08T18:20:07+05:30,0.78095,60.56,d3,2025-10-08 18:20:07+05:30,14.471131952755703,-0.014915529412637548,0,,normal,0,,normal,normal,0,0,0,0,0,0
1759927808.0,2025-10-08T18:20:08+05:30,0.59195,53.33,d3,2025-10-08 18:20:08+05:30,17.710058763827806,-0.014912714452864718,0,,normal,0,,normal,normal,0,0,0,0,0,0
1759927809.0,2025-10-08T18:20:09+05:30,0.50095,53.33,d3,2025-10-08 18:20:09+05:30,15.266088085169594,-0.014914838514181225,0,,normal,0,,normal,normal,0,0,0,0,0,0
1759927810.0,2025-10-08T18:20:10+05:30,0.54195,53.33,d3,2025-10-08 18:20:10+05:30,13.826326525624863,-0.014916089814722729,0,,normal,0,,normal,normal,0,0,0,0,0,0
1759927811.0,2025-10-08T18:20:11+05:30,0.61395,53.33,d3,2025-10-08 18:20:11+05:30,13.1302267359041,-0.014916694796872756,0,,normal,0,,normal,normal,0,0,0,0,0,0
1759927812.0,2025-10-08T18:20:12+05:30,0.52095,61.11,d3,2025-10-08 18:20:12+05:30,21.07904964864138,-0.01490978645406482,0,,normal,0,,normal,normal,0,0,0,0,0,0
1759927813.0,2025-10-08T18:20:13+05:30,0.64895,53.33,d3,2025-10-08 18:20:13+05:30,14.482696839586694,-0.01491551936156412,0,,normal,0,,normal,normal,0,0,0,0,0,0
1759927814.0,2025-10-08T18:20:14+05:30,0.84095,53.33,d3,2025-10-08 18:20:14+05:30,11.430327373925206,-0.01491817218385954,0,,normal,0,,normal,normal,0,0,0,0,0,0
1759927815.0,2025-10-08T18:20:15+05:30,0.50895,53.33,d3,2025-10-08 18:20:15+05:30,17.961971070400647,-0.01491249551521943,0,,normal,0,,normal,normal,0,0,0,0,0,0
1759927816.0,2025-10-08T18:20:16+05:30,0.55295,61.11,d3,2025-10-08 18:20:16+05:30,21.102898000231477,-0.014909765727400005,0,,normal,0,,normal,normal,0,0,0,0,0,0
1759927817.0,2025-10-08T18:20:17+05:30,0.51995,60.56,d3,2025-10-08 18:20:17+05:30,18.452828723195637,-0.014912068909548043,0,,normal,0,,normal,normal,0,0,0,0,0,0
1759927818.0,2025-10-08T18:20:18+05:30,0.53495,53.33,d3,2025-10-08 18:20:18+05:30,16.62553918411753,-0.014913657011671324,0,,normal,0,,normal,normal,0,0,0,0,0,0
1759927819.0,2025-10-08T18:20:19+05:30,0.97895,53.33,d3,2025-10-08 18:20:19+05:30,10.863575310558952,-0.014918664749561886,0,,normal,0,,normal,normal,0,0,0,0,0,0
1759927820.0,2025-10-08T18:20:20+05:30,0.53495,61.11,d3,2025-10-08 18:20:20+05:30,26.461136242065123,-0.014905108868513156,0,,normal,0,,normal,normal,0,0,0,0,0,0
1759927821.0,2025-10-08T18:20:21+05:30,0.89195,53.33,d3,2025-10-08 18:20:21+05:30,14.46467584146333,-0.014915535023660777,0,,normal,0,,normal,normal,0,0,0,0,0,0
1759927822.0,2025-10-08T18:20:22+05:30,0.42695,61.11,d3,2025-10-08 18:20:22+05:30,28.930303941034843,-0.014902962908400317,0,,normal,0,,normal,normal,0,0,0,0,0,0
1759927823.0,2025-10-08T18:20:23+05:30,0.63695,60.56,d3,2025-10-08 18:20:23+05:30,17.528303080868838,-0.014912872417204718,0,,normal,0,,normal,normal,0,0,0,0,0,0
1759927824.0,2025-10-08T18:20:24+05:30,0.81595,53.33,d3,2025-10-08 18:20:24+05:30,14.720031791864315,-0.014915313093135618,0,,normal,0,,normal,normal,0,0,0,0,0,0
1759927825.0,2025-10-08T18:20:25+05:30,0.63095,53.33,d3,2025-10-08 18:20:25+05:30,16.349722474668166,-0.01491389672469575,0,,normal,0,,normal,normal,0,0,0,0,0,0
1759927826.0,2025-10-08T18:20:26+05:30,0.63695,53.33,d3,2025-10-08 18:20:26+05:30,14.223703785140028,-0.014915744453105926,0,,normal,0,,normal,normal,0,0,0,0,0,0
1759927827.0,2025-10-08T18:20:27+05:30,0.44895,61.11,d3,2025-10-08 18:20:27+05:30,24.498091767559316,-0.014906814955606298,0,,normal,0,,normal,normal,0,0,0,0,0,0
1759927828.0,2025-10-08T18:20:28+05:30,0.89295,53.33,d3,2025-10-08 18:20:28+05:30,14.06813914114785,-0.014915879654745376,0,,normal,0,,normal,normal,0,0,0,0,0,0
1759927829.0,2025-10-08T18:20:29+05:30,0.51095,53.33,d3,2025-10-08 18:20:29+05:30,18.892776614348303,-0.014911686549683811,0,,normal,0,,normal,normal,0,0,0,0,0,0
1759927830.0,2025-10-08T18:20:30+05:30,0.51395,60.56,d3,2025-10-08 18:20:30+05:30,20.96546433134454,-0.014909885171361513,0,,normal,0,,normal,normal,0,0,0,0,0,0
1759927831.0,2025-10-08T18:20:31+05:30,0.47095,61.11,d3,2025-10-08 18:20:31+05:30,19.891771734557643,-0.014910818320408909,0,,normal,0,,normal,normal,0,0,0,0,0,0
1759927832.0,2025-10-08T18:20:32+05:30,0.59495,60.56,d3,2025-10-08 18:20:32+05:30,16.854462820095122,-0.014913458053539847,0,,normal,0,,normal,normal,0,0,0,0,0,0
1759927833.0,2025-10-08T18:20:33+05:30,0.59995,53.33,d3,2025-10-08 18:20:33+05:30,15.398439646698396,-0.01491472348709253,0,,normal,0,,normal,normal,0,0,0,0,0,0
1759927834.0,2025-10-08T18:20:34+05:30,0.88895,53.33,d3,2025-10-08 18:20:34+05:30,11.089663451658435,-0.014918468255766431,0,,normal,0,,normal,normal,0,0,0,0,0,0
1759927835.0,2025-10-08T18:20:35+05:30,0.96995,53.33,d3,2025-10-08 18:20:35+05:30,12.7178225123316,-0.014917053218463367,0,,normal,0,,normal,normal,0,0,0,0,0,0
1759927836.0,2025-10-08T18:20:36+05:30,0.88095,53.33,d3,2025-10-08 18:20:36+05:30,14.86241595177085,-0.014915189346689402,0,,normal,0,,normal,normal,0,0,0,0,0,0
1759927837.0,2025-10-08T18:20:37+05:30,0.86795,61.11,d3,2025-10-08 18:20:37+05:30,21.661398292228558,-0.014909280333333764,0,,normal,0,,normal,normal,0,0,0,0,0,0
1759927838.0,2025-10-08T18:20:38+05:30,0.88395,53.33,d3,2025-10-08 18:20:38+05:30,17.683425119552044,-0.014912737600234701,0,,normal,0,,normal,normal,0,0,0,0,0,0
1759927839.0,2025-10-08T18:20:39+05:30,0.88195,53.33,d3,2025-10-08 18:20:39+05:30,15.115230394983548,-0.014914969624994797,0,,normal,0,,normal,normal,0,0,0,0,0,0
1759927840.0,2025-10-08T18:20:40+05:30,0.50395,53.33,d3,2025-10-08 18:20:40+05:30,21.363472176189905,-0.014909539261701351,0,,normal,0,,normal,normal,0,0,0,0,0,0
1759927841.0,2025-10-08T18:20:41+05:30,0.48895,53.33,d3,2025-10-08 18:20:41+05:30,17.41867093538791,-0.014912967698789432,0,,normal,0,,normal,normal,0,0,0,0,0,0
1759927842.0,2025-10-08T18:20:42+05:30,0.44995,61.11,d3,2025-10-08 18:20:42+05:30,23.975625912381073,-0.014907269032049142,0,,normal,0,,normal,normal,0,0,0,0,0,0
1759927843.0,2025-10-08T18:20:43+05:30,0.53095,53.33,d3,2025-10-08 18:20:43+05:30,17.06821248290518,-0.014913272283148182,0,,normal,0,,normal,normal,0,0,0,0,0,0
1759927844.0,2025-10-08T18:20:44+05:30,0.75095,61.11,d3,2025-10-08 18:20:44+05:30,18.369980004694035,-0.014912140913586239,0,,normal,0,,normal,normal,0,0,0,0,0,0
1759927845.0,2025-10-08T18:20:45+05:30,0.74995,61.67,d3,2025-10-08 18:20:45+05:30,18.460634789180137,-0.014912062125275656,0,,normal,0,,normal,normal,0,0,0,0,0,0
1759927846.0,2025-10-08T18:20:46+05:30,0.70595,53.33,d3,2025-10-08 18:20:46+05:30,17.05433306227937,-0.014913284345788992,0,,normal,0,,normal,normal,0,0,0,0,0,0
1759927847.0,2025-10-08T18:20:47+05:30,0.60995,61.11,d3,2025-10-08 18:20:47+05:30,22.176603983910333,-0.014908832566718025,0,,normal,0,,normal,normal,0,0,0,0,0,0
1759927848.0,2025-10-08T18:20:48+05:30,0.52495,60.56,d3,2025-10-08 18:20:48+05:30,19.47243939112465,-0.014911182763246635,0,,normal,0,,normal,normal,0,0,0,0,0,0
1759927849.0,2025-10-08T18:20:49+05:30,0.58995,53.33,d3,2025-10-08 18:20:49+05:30,16.000863082519572,-0.014914199919306977,0,,normal,0,,normal,normal,0,0,0,0,0,0
1759927850.0,2025-10-08T18:20:50+05:30,0.84695,53.33,d3,2025-10-08 18:20:50+05:30,11.29267604069238,-0.014918291816993702,0,,normal,0,,normal,normal,0,0,0,0,0,0
1759927851.0,2025-10-08T18:20:51+05:30,0.83395,53.33,d3,2025-10-08 18:20:51+05:30,13.23013626218294,-0.014916607965241845,0,,normal,0,,normal,normal,0,0,0,0,0,0
1759927852.0,2025-10-08T18:20:52+05:30,0.47795,53.33,d3,2025-10-08 18:20:52+05:30,19.089275974331823,-0.014911515771575505,0,,normal,0,,normal,normal,0,0,0,0,0,0
1759927853.0,2025-10-08T18:20:53+05:30,0.56795,53.33,d3,2025-10-08 18:20:53+05:30,14.457535214754003,-0.014915541229598147,0,,normal,0,,normal,normal,0,0,0,0,0,0
1759927854.0,2025-10-08T18:20:54+05:30,0.89595,53.33,d3,2025-10-08 18:20:54+05:30,11.644226634358674,-0.014917986283452188,0,,normal,0,,normal,normal,0,0,0,0,0,0
1759927855.0,2025-10-08T18:20:55+05:30,0.48795,61.11,d3,2025-10-08 18:20:55+05:30,26.70549338779642,-0.014904896497077937,0,,normal,0,,normal,normal,0,0,0,0,0,0
1759927856.0,2025-10-08T18:20:56+05:30,0.40695,61.11,d3,2025-10-08 18:20:56+05:30,20.938973246703643,-0.014909908194832544,0,,normal,0,,normal,normal,0,0,0,0,0,0
1759927857.0,2025-10-08T18:20:57+05:30,0.51895,61.11,d3,2025-10-08 18:20:57+05:30,18.459669420356057,-0.014912062964280227,0,,normal,0,,normal,normal,0,0,0,0,0,0
1759927858.0,2025-10-08T18:20:58+05:30,0.89495,53.33,d3,2025-10-08 18:20:58+05:30,14.131151238514537,-0.014915824890766554,0,,normal,0,,normal,normal,0,0,0,0,0,0
1759927859.0,2025-10-08T18:20:59+05:30,0.51095,53.33,d3,2025-10-08 18:20:59+05:30,18.51508513067409,-0.014912014802341281,0,,normal,0,,normal,normal,0,0,0,0,0,0
1759927860.0,2025-10-08T18:21:00+05:30,0.47495,53.33,d3,2025-10-08 18:21:00+05:30,15.659056375478755,-0.014914496984411106,0,,normal,0,,normal,normal,0,0,0,0,0,0
1759927861.0,2025-10-08T18:21:01+05:30,0.50295,53.33,d3,2025-10-08 18:21:01+05:30,15.00049731332094,-0.014915069339816504,0,,normal,0,,normal,normal,0,0,0,0,0,0
1759927862.0,2025-10-08T18:21:02+05:30,0.49195,61.11,d3,2025-10-08 18:21:02+05:30,22.23004529735619,-0.014908786120732568,0,,normal,0,,normal,normal,0,0,0,0,0,0
1759927863.0,2025-10-08T18:21:03+05:30,0.61095,60.56,d3,2025-10-08 18:21:03+05:30,15.594319367866596,-0.014914553247513942,0,,normal,0,,normal,normal,0,0,0,0,0,0
1759927864.0,2025-10-08T18:21:04+05:30,0.56495,53.33,d3,2025-10-08 18:21:04+05:30,15.835603707484147,-0.01491434354666256,0,,normal,0,,normal,normal,0,0,0,0,0,0
1759927865.0,2025-10-08T18:21:05+05:30,0.82895,53.33,d3,2025-10-08 18:21:05+05:30,11.175762540521697,-0.014918393426822843,0,,normal,0,,normal,normal,0,0,0,0,0,0
1759927866.0,2025-10-08T18:21:06+05:30,0.77895,53.33,d3,2025-10-08 18:21:06+05:30,13.64881441925057,-0.014916244090959204,0,,normal,0,,normal,normal,0,0,0,0,0,0
1759927867.0,2025-10-08T18:21:07+05:30,0.48395,61.11,d3,2025-10-08 18:21:07+05:30,25.260368076231817,-0.014906152459270364,0,,normal,0,,normal,normal,0,0,0,0,0,0
1759927868.0,2025-10-08T18:21:08+05:30,0.89995,53.33,d3,2025-10-08 18:21:08+05:30,14.056680761045326,-0.014915889613253528,0,,normal,0,,normal,normal,0,0,0,0,0,0
1759927869.0,2025-10-08T18:21:09+05:30,0.59895,53.33,d3,2025-10-08 18:21:09+05:30,18.02602702308716,-0.014912439844023214,0,,normal,0,,normal,normal,0,0,0,0,0,0
1759927870.0,2025-10-08T18:21:10+05:30,0.62195,53.33,d3,2025-10-08 18:21:10+05:30,14.692141801470896,-0.0149153373323993,0,,normal,0,,normal,normal,0,0,0,0,0,0
1759927871.0,2025-10-08T18:21:11+05:30,0.49595,61.11,d3,2025-10-08 18:21:11+05:30,23.286481586209575,-0.014907867969187586,0,,normal,0,,normal,normal,0,0,0,0,0,0
1759927872.0,2025-10-08T18:21:12+05:30,0.56695,60.56,d3,2025-10-08 18:21:12+05:30,17.80065793884321,-0.014912635712884474,0,,normal,0,,normal,normal,0,0,0,0,0,0
1759927873.0,2025-10-08T18:21:13+05:30,0.92795,61.11,d3,2025-10-08 18:21:13+05:30,15.322252903658585,-0.014914789701190407,0,,normal,0,,normal,normal,0,0,0,0,0,0
1759927874.0,2025-10-08T18:21:14+05:30,0.55995,53.33,d3,2025-10-08 18:21:14+05:30,21.034623443662202,-0.0149098250649959,0,,normal,0,,normal,normal,0,0,0,0,0,0
1759927875.0,2025-10-08T18:21:15+05:30,0.51395,53.33,d3,2025-10-08 18:21:15+05:30,15.7813573308858,-0.01491439069233051,0,,normal,0,,normal,normal,0,0,0,0,0,0
1759927876.0,2025-10-08T18:21:16+05:30,0.71595,62.22,d3,2025-10-08 18:21:16+05:30,22.39850071554663,-0.01490863971568751,0,,normal,0,,normal,normal,0,0,0,0,0,0
1759927877.0,2025-10-08T18:21:17+05:30,0.44895,61.11,d3,2025-10-08 18:21:17+05:30,22.903835934390976,-0.014908200527525561,0,,normal,0,,normal,normal,0,0,0,0,0,0
1759927878.0,2025-10-08T18:21:18+05:30,0.86495,53.33,d3,2025-10-08 18:21:18+05:30,13.568414695650349,-0.014916313966569516,0,,normal,0,,normal,normal,0,0,0,0,0,0
1759927879.0,2025-10-08T18:21:19+05:30,0.72095,53.33,d3,2025-10-08 18:21:19+05:30,14.806419433627683,-0.01491523801340995,0,,normal,0,,normal,normal,0,0,0,0,0,0
1759927880.0,2025-10-08T18:21:20+05:30,0.50295,53.33,d3,2025-10-08 18:21:20+05:30,17.536551176687443,-0.014912865248763042,0,,normal,0,,normal,normal,0,0,0,0,0,0
1759927881.0,2025-10-08T18:21:21+05:30,0.76395,53.33,d3,2025-10-08 18:21:21+05:30,12.104934994098313,-0.014917585880610346,0,,normal,0,,normal,normal,0,0,0,0,0,0
1759927882.0,2025-10-08T18:21:22+05:30,0.46995,61.11,d3,2025-10-08 18:21:22+05:30,25.745466126028592,-0.01490573085928503,0,,normal,0,,normal,normal,0,0,0,0,0,0
1759927883.0,2025-10-08T18:21:23+05:30,0.55195,53.33,d3,2025-10-08 18:21:23+05:30,16.515553901010573,-0.014913752600168875,0,,normal,0,,normal,normal,0,0,0,0,0,0
1759927884.0,2025-10-08T18:21:24+05:30,0.51295,53.33,d3,2025-10-08 18:21:24+05:30,14.654458357508886,-0.014915370083179126,0,,normal,0,,normal,normal,0,0,0,0,0,0
1759927885.0,2025-10-08T18:21:25+05:30,0.52395,53.33,d3,2025-10-08 18:21:25+05:30,14.253955448667798,-0.014915718161305939,0,,normal,0,,normal,normal,0,0,0,0,0,0
1759927886.0,2025-10-08T18:21:26+05:30,0.92795,53.33,d3,2025-10-08 18:21:26+05:30,10.866575082245205,-0.014918662142452459,0,,normal,0,,normal,normal,0,0,0,0,0,0
1759927887.0,2025-10-08T18:21:27+05:30,0.57995,61.67,d3,2025-10-08 18:21:27+05:30,25.99041298353143,-0.014905517975329765,0,,normal,0,,normal,normal,0,0,0,0,0,0
1759927888.0,2025-10-08T18:21:28+05:30,0.49895,60.56,d3,2025-10-08 18:21:28+05:30,19.484619480904286,-0.014911172177498714,0,,normal,0,,normal,normal,0,0,0,0,0,0
1759927889.0,2025-10-08T18:21:29+05:30,0.83195,53.33,d3,2025-10-08 18:21:29+05:30,14.031458442250402,-0.014915911534036838,0,,normal,0,,normal,normal,0,0,0,0,0,0
1759927890.0,2025-10-08T18:21:30+05:30,0.65895,53.33,d3,2025-10-08 18:21:30+05:30,16.097239696970952,-0.014914116158138988,0,,normal,0,,normal,normal,0,0,0,0,0,0
1759927891.0,2025-10-08T18:21:31+05:30,0.50795,61.67,d3,2025-10-08 18:21:31+05:30,24.552337285502627,-0.01490676781068461,0,,normal,0,,normal,normal,0,0,0,0,0,0
1759927892.0,2025-10-08T18:21:32+05:30,0.50695,61.67,d3,2025-10-08 18:21:32+05:30,20.385850831250824,-0.014910388914972197,0,,normal,0,,normal,normal,0,0,0,0,0,0
1759927893.0,2025-10-08T18:21:33+05:30,0.58295,60.56,d3,2025-10-08 18:21:33+05:30,17.426457609532,-0.014912960931370544,0,,normal,0,,normal,normal,0,0,0,0,0,0
1759927894.0,2025-10-08T18:21:34+05:30,0.66295,53.33,d3,2025-10-08 18:21:34+05:30,14.9070921364719,-0.01491515051850029,0,,normal,0,,normal,normal,0,0,0,0,0,0
1759927895.0,2025-10-08T18:21:35+05:30,0.87295,53.33,d3,2025-10-08 18:21:35+05:30,11.517615142864727,-0.014918096321830986,0,,normal,0,,normal,normal,0,0,0,0,0,0
1759927896.0,2025-10-08T18:21:36+05:30,0.84095,61.67,d3,2025-10-08 18:21:36+05:30,21.728785553206528,-0.01490922176688879,0,,normal,0,,normal,normal,0,0,0,0,0,0
1759927897.0,2025-10-08T18:21:37+05:30,0.82495,53.33,d3,2025-10-08 18:21:37+05:30,17.028070967398698,-0.014913307170244423,0,,normal,0,,normal,normal,0,0,0,0,0,0
1759927898.0,2025-10-08T18:21:38+05:30,0.74395,53.33,d3,2025-10-08 18:21:38+05:30,15.19259450764704,-0.014914902387641897,0,,normal,0,,normal,normal,0,0,0,0,0,0
1759927899.0,2025-10-08T18:21:39+05:30,0.45795,53.33,d3,2025-10-08 18:21:39+05:30,19.939264561905986,-0.0149107770442683,0,,normal,0,,normal,normal,0,0,0,0,0,0
1759927900.0,2025-10-08T18:21:40+05:30,0.95695,53.33,d3,2025-10-08 18:21:40+05:30,11.655982374101896,-0.014917976066507996,0,,normal,0,,normal,normal,0,0,0,0,0,0
1759927901.0,2025-10-08T18:21:41+05:30,0.93895,53.33,d3,2025-10-08 18:21:41+05:30,13.902633551744993,-0.014916023496086513,0,,normal,0,,normal,normal,0,0,0,0,0,0
1759927902.0,2025-10-08T18:21:42+05:30,0.44995,53.33,d3,2025-10-08 18:21:42+05:30,22.579379311863374,-0.01490848251362581,0,,normal,0,,normal,normal,0,0,0,0,0,0
1759927903.0,2025-10-08T18:21:43+05:30,0.58695,61.11,d3,2025-10-08 18:21:43+05:30,21.71339387923061,-0.014909235143832945,0,,normal,0,,normal,normal,0,0,0,0,0,0
1759927904.0,2025-10-08T18:21:44+05:30,0.59795,53.33,d3,2025-10-08 18:21:44+05:30,18.547077037397496,-0.014911986998091376,0,,normal,0,,normal,normal,0,0,0,0,0,0
1759927905.0,2025-10-08T18:21:45+05:30,0.84995,53.33,d3,2025-10-08 18:21:45+05:30,12.148149488981472,-0.014917548322779684,0,,normal,0,,normal,normal,0,0,0,0,0,0
1759927906.0,2025-10-08T18:21:46+05:30,0.48195,53.33,d3,2025-10-08 18:21:46+05:30,18.7811228062946,-0.014911783588300765,0,,normal,0,,normal,normal,0,0,0,0,0,0
1759927907.0,2025-10-08T18:21:47+05:30,0.72595,53.33,d3,2025-10-08 18:21:47+05:30,12.384660395711473,-0.014917342770531328,0,,normal,0,,normal,normal,0,0,0,0,0,0
1759927908.0,2025-10-08T18:21:48+05:30,0.53995,60.56,d3,2025-10-08 18:21:48+05:30,22.462333619839164,-0.01490858423834324,0,,normal,0,,normal,normal,0,0,0,0,0,0
1759927909.0,2025-10-08T18:21:49+05:30,0.51695,53.33,d3,2025-10-08 18:21:49+05:30,17.981334900181828,-0.01491247868606426,0,,normal,0,,normal,normal,0,0,0,0,0,0
1759927910.0,2025-10-08T18:21:50+05:30,0.84095,61.67,d3,2025-10-08 18:21:50+05:30,19.435649019931112,-0.014911214737854575,0,,normal,0,,normal,normal,0,0,0,0,0,0
1759927911.0,2025-10-08T18:21:51+05:30,0.39195,61.67,d3,2025-10-08 18:21:51+05:30,26.03810642686301,-0.014905476524833278,0,,normal,0,,normal,normal,0,0,0,0,0,0
1759927912.0,2025-10-08T18:21:52+05:30,0.77795,61.67,d3,2025-10-08 18:21:52+05:30,16.59132184196206,-0.01491368675005299,0,,normal,0,,normal,normal,0,0,0,0,0,0
1759927913.0,2025-10-08T18:21:53+05:30,0.91395,61.67,d3,2025-10-08 18:21:53+05:30,17.701388472151503,-0.014912721988237917,0,,normal,0,,normal,normal,0,0,0,0,0,0
1759927914.0,2025-10-08T18:21:54+05:30,0.89595,53.33,d3,2025-10-08 18:21:54+05:30,17.188065654196183,-0.014913168118443168,0,,normal,0,,normal,normal,0,0,0,0,0,0
1759927915.0,2025-10-08T18:21:55+05:30,0.76095,53.33,d3,2025-10-08 18:21:55+05:30,15.628481443041691,-0.01491452355716495,0,,normal,0,,normal,normal,0,0,0,0,0,0
1759927916.0,2025-10-08T18:21:56+05:30,0.51495,53.33,d3,2025-10-08 18:21:56+05:30,19.356887971532014,-0.01491128318928798,0,,normal,0,,normal,normal,0,0,0,0,0,0
1759927917.0,2025-10-08T18:21:57+05:30,0.50195,61.11,d3,2025-10-08 18:21:57+05:30,24.06232668778671,-0.014907193680178206,0,,normal,0,,normal,normal,0,0,0,0,0,0
1759927918.0,2025-10-08T18:21:58+05:30,0.86295,61.11,d3,2025-10-08 18:21:58+05:30,16.16582714521883,-0.014914056548608116,0,,normal,0,,normal,normal,0,0,0,0,0,0
1759927919.0,2025-10-08T18:21:59+05:30,0.54495,53.33,d3,2025-10-08 18:21:59+05:30,20.721693396568895,-0.014910097033319256,0,,normal,0,,normal,normal,0,0,0,0,0,0
1759927920.0,2025-10-08T18:22:00+05:30,0.50695,53.33,d3,2025-10-08 18:22:00+05:30,15.53607145682324,-0.014914603870925953,0,,normal,0,,normal,normal,0,0,0,0,0,0
1759927921.0,2025-10-08T18:22:01+05:30,0.72495,53.33,d3,2025-10-08 18:22:01+05:30,12.299222572676493,-0.01491741702476705,0,,normal,0,,normal,normal,0,0,0,0,0,0
1759927922.0,2025-10-08T18:22:02+05:30,0.68695,53.33,d3,2025-10-08 18:22:02+05:30,14.435719731263458,-0.014915560189491976,0,,normal,0,,normal,normal,0,0,0,0,0,0
1759927923.0,2025-10-08T18:22:03+05:30,0.71495,53.33,d3,2025-10-08 18:22:03+05:30,13.185510083482015,-0.01491664674997061,0,,normal,0,,normal,normal,0,0,0,0,0,0
1759927924.0,2025-10-08T18:22:04+05:30,0.60995,53.33,d3,2025-10-08 18:22:04+05:30,14.879191571339284,-0.014915174766954507,0,,normal,0,,normal,normal,0,0,0,0,0,0
1759927925.0,2025-10-08T18:22:05+05:30,0.96095,53.33,d3,2025-10-08 18:22:05+05:30,11.429849943205417,-0.01491817259879583,0,,normal,0,,normal,normal,0,0,0,0,0,0
1759927926.0,2025-10-08T18:22:06+05:30,0.55195,53.33,d3,2025-10-08 18:22:06+05:30,19.710462308260823,-0.014910975896906075,0,,normal,0,,normal,normal,0,0,0,0,0,0
1759927927.0,2025-10-08T18:22:07+05:30,0.68795,61.11,d3,2025-10-08 18:22:07+05:30,20.51811591134732,-0.01491027396304474,0,,normal,0,,normal,normal,0,0,0,0,0,0
1759927928.0,2025-10-08T18:22:08+05:30,0.54295,61.11,d3,2025-10-08 18:22:08+05:30,20.918776163054787,-0.014909925748170828,0,,normal,0,,normal,normal,0,0,0,0,0,0
1759927929.0,2025-10-08T18:22:09+05:30,0.93495,53.33,d3,2025-10-08 18:22:09+05:30,14.257638898247171,-0.014915714960010264,0,,normal,0,,normal,normal,0,0,0,0,0,0
1759927930.0,2025-10-08T18:22:10+05:30,0.98495,60.56,d3,2025-10-08 18:22:10+05:30,18.62745482928914,-0.014911917141541968,0,,normal,0,,normal,normal,0,0,0,0,0,0
1759927931.0,2025-10-08T18:22:11+05:30,0.79195,61.67,d3,2025-10-08 18:22:11+05:30,21.421205769696687,-0.014909489085284054,0,,normal,0,,normal,normal,0,0,0,0,0,0
1759927932.0,2025-10-08T18:22:12+05:30,0.45695,61.11,d3,2025-10-08 18:22:12+05:30,25.33754205340722,-0.014906085387164718,0,,normal,0,,normal,normal,0,0,0,0,0,0
1759927933.0,2025-10-08T18:22:13+05:30,0.48695,61.11,d3,2025-10-08 18:22:13+05:30,21.85712295488401,-0.014909110228516933,0,,normal,0,,normal,normal,0,0,0,0,0,0
1759927934.0,2025-10-08T18:22:14+05:30,0.69995,53.33,d3,2025-10-08 18:22:14+05:30,16.20966315957392,-0.014914018450613253,0,,normal,0,,normal,normal,0,0,0,0,0,0
1759927935.0,2025-10-08T18:22:15+05:30,0.62295,53.33,d3,2025-10-08 18:22:15+05:30,14.757078493674928,-0.014915280895750066,0,,normal,0,,normal,normal,0,0,0,0,0,0
1759927936.0,2025-10-08T18:22:16+05:30,0.50895,53.33,d3,2025-10-08 18:22:16+05:30,15.29263070762883,-0.014914815445918541,0,,normal,0,,normal,normal,0,0,0,0,0,0
1759927937.0,2025-10-08T18:22:17+05:30,0.49795,53.33,d3,2025-10-08 18:22:17+05:30,14.83148322540281,-0.014915216230402886,0,,normal,0,,normal,normal,0,0,0,0,0,0
1759927938.0,2025-10-08T18:22:18+05:30,0.50695,62.22,d3,2025-10-08 18:22:18+05:30,24.303960767615866,-0.014906983675366695,0,,normal,0,,normal,normal,0,0,0,0,0,0
1759927939.0,2025-10-08T18:22:19+05:30,0.52895,53.33,d3,2025-10-08 18:22:19+05:30,17.116144404206377,-0.014913230625389864,0,,normal,0,,normal,normal,0,0,0,0,0,0
1759927940.0,2025-10-08T18:22:20+05:30,0.85395,53.33,d3,2025-10-08 18:22:20+05:30,10.756289637096035,-0.014918757991821628,0,,normal,0,,normal,normal,0,0,0,0,0,0
1759927941.0,2025-10-08T18:22:21+05:30,0.58795,53.33,d3,2025-10-08 18:22:21+05:30,16.17397732947147,-0.014914049465261639,0,,normal,0,,normal,normal,0,0,0,0,0,0
1759927942.0,2025-10-08T18:22:22+05:30,0.50195,61.11,d3,2025-10-08 18:22:22+05:30,22.384744583445315,-0.014908651671177942,0,,normal,0,,normal,normal,0,0,0,0,0,0
1759927943.0,2025-10-08T18:22:23+05:30,0.49695,61.11,d3,2025-10-08 18:22:23+05:30,19.27854625037794,-0.014911351276282977,0,,normal,0,,normal,normal,0,0,0,0,0,0
1759927944.0,2025-10-08T18:22:24+05:30,0.74695,53.33,d3,2025-10-08 18:22:24+05:30,14.450731984969169,-0.01491554714230297,0,,normal,0,,normal,normal,0,0,0,0,0,0
1759927945.0,2025-10-08T18:22:25+05:30,0.56695,53.33,d3,2025-10-08 18:22:25+05:30,15.190099043865063,-0.014914904556456004,0,,normal,0,,normal,normal,0,0,0,0,0,0
1759927946.0,2025-10-08T18:22:26+05:30,0.61695,53.33,d3,2025-10-08 18:22:26+05:30,13.16058732008585,-0.01491666841040954,0,,normal,0,,normal,normal,0,0,0,0,0,0
1759927947.0,2025-10-08T18:22:27+05:30,0.52695,61.67,d3,2025-10-08 18:22:27+05:30,23.172164543599703,-0.014907967322428663,0,,normal,0,,normal,normal,0,0,0,0,0,0
1759927948.0,2025-10-08T18:22:28+05:30,0.53295,61.67,d3,2025-10-08 18:22:28+05:30,19.55641593924642,-0.014911109779008764,0,,normal,0,,normal,normal,0,0,0,0,0,0
1759927949.0,2025-10-08T18:22:29+05:30,0.84595,53.33,d3,2025-10-08 18:22:29+05:30,14.005822596031349,-0.014915933814217916,0,,normal,0,,normal,normal,0,0,0,0,0,0
1759927950.0,2025-10-08T18:22:30+05:30,0.63795,53.33,d3,2025-10-08 18:22:30+05:30,15.436701083799102,-0.014914690233977356,0,,normal,0,,normal,normal,0,0,0,0,0,0
1759927951.0,2025-10-08T18:22:31+05:30,0.79495,53.33,d3,2025-10-08 18:22:31+05:30,12.187015472259148,-0.014917514544251843,0,,normal,0,,normal,normal,0,0,0,0,0,0
1759927952.0,2025-10-08T18:22:32+05:30,0.87295,53.33,d3,2025-10-08 18:22:32+05:30,12.789623667014238,-0.014916990815891817,0,,normal,0,,normal,normal,0,0,0,0,0,0
1759927953.0,2025-10-08T18:22:33+05:30,0.66195,61.67,d3,2025-10-08 18:22:33+05:30,24.91230944788866,-0.014906454957935671,0,,normal,0,,normal,normal,0,0,0,0,0,0
1759927954.0,2025-10-08T18:22:34+05:30,0.96695,53.33,d3,2025-10-08 18:22:34+05:30,14.871136464711109,-0.014915181767668772,0,,normal,0,,normal,normal,0,0,0,0,0,0
1759927955.0,2025-10-08T18:22:35+05:30,0.90495,53.33,d3,2025-10-08 18:22:35+05:30,14.540137468763755,-0.014915469439762888,0,,normal,0,,normal,normal,0,0,0,0,0,0
1759927956.0,2025-10-08T18:22:36+05:30,0.46995,53.33,d3,2025-10-08 18:22:36+05:30,22.27273743122179,-0.014908749016887234,0,,normal,0,,normal,normal,0,0,0,0,0,0
1759927957.0,2025-10-08T18:22:37+05:30,0.65695,61.67,d3,2025-10-08 18:22:37+05:30,22.395186550141908,-0.014908642596037342,0,,normal,0,,normal,normal,0,0,0,0,0,0
1759927958.0,2025-10-08T18:22:38+05:30,0.55695,61.67,d3,2025-10-08 18:22:38+05:30,22.156385239856473,-0.014908850138881425,0,,normal,0,,normal,normal,0,0,0,0,0,0
1759927959.0,2025-10-08T18:22:39+05:30,0.57995,53.33,d3,2025-10-08 18:22:39+05:30,17.824662027215485,-0.014912614850868413,0,,normal,0,,normal,normal,0,0,0,0,0,0
1759927960.0,2025-10-08T18:22:40+05:30,0.63395,53.33,d3,2025-10-08 18:22:40+05:30,13.024903210373584,-0.014916786333824587,0,,normal,0,,normal,normal,0,0,0,0,0,0
1759927961.0,2025-10-08T18:22:41+05:30,0.78495,61.67,d3,2025-10-08 18:22:41+05:30,20.341357197582074,-0.014910427584505727,0,,normal,0,,normal,normal,0,0,0,0,0,0
1759927962.0,2025-10-08T18:22:42+05:30,0.48095,53.33,d3,2025-10-08 18:22:42+05:30,20.92834529607894,-0.014909917431612262,0,,normal,0,,normal,normal,0,0,0,0,0,0
1759927963.0,2025-10-08T18:22:43+05:30,0.53895,61.11,d3,2025-10-08 18:22:43+05:30,21.218543010114193,-0.014909665220019094,0,,normal,0,,normal,normal,0,0,0,0,0,0
1759927964.0,2025-10-08T18:22:44+05:30,0.64295,53.33,d3,2025-10-08 18:22:44+05:30,15.649121058366491,-0.014914505619221224,0,,normal,0,,normal,normal,0,0,0,0,0,0
1759927965.0,2025-10-08T18:22:45+05:30,0.61195,53.33,d3,2025-10-08 18:22:45+05:30,13.91751122455031,-0.01491601056586212,0,,normal,0,,normal,normal,0,0,0,0,0,0
1759927966.0,2025-10-08T18:22:46+05:30,0.50895,53.33,d3,2025-10-08 18:22:46+05:30,14.48157853170563,-0.014915520333488428,0,,normal,0,,normal,normal,0,0,0,0,0,0
1759927967.0,2025-10-08T18:22:47+05:30,0.64395,61.67,d3,2025-10-08 18:22:47+05:30,20.195311027518475,-0.014910554513614562,0,,normal,0,,normal,normal,0,0,0,0,0,0
1759927968.0,2025-10-08T18:22:48+05:30,0.56295,61.11,d3,2025-10-08 18:22:48+05:30,18.45018184705399,-0.01491207120995503,0,,normal,0,,normal,normal,0,0,0,0,0,0
1759927969.0,2025-10-08T18:22:49+05:30,0.81395,53.33,d3,2025-10-08 18:22:49+05:30,13.75429243690433,-0.014916152419737861,0,,normal,0,,normal,normal,0,0,0,0,0,0
1759927970.0,2025-10-08T18:22:50+05:30,0.83095,53.33,d3,2025-10-08 18:22:50+05:30,12.895949253391505,-0.014916898408046277,0,,normal,0,,normal,normal,0,0,0,0,0,0
1759927971.0,2025-10-08T18:22:51+05:30,0.78595,53.33,d3,2025-10-08 18:22:51+05:30,13.95087696616407,-0.014915981567608715,0,,normal,0,,normal,normal,0,0,0,0,0,0
1759927972.0,2025-10-08T18:22:52+05:30,0.85695,62.22,d3,2025-10-08 18:22:52+05:30,22.7125773830202,-0.01490836675083338,0,,normal,0,,normal,normal,0,0,0,0,0,0
1759927973.0,2025-10-08T18:22:53+05:30,0.64095,61.67,d3,2025-10-08 18:22:53+05:30,22.36084571354704,-0.014908672441748348,0,,normal,0,,normal,normal,0,0,0,0,0,0
1759927974.0,2025-10-08T18:22:54+05:30,0.83795,53.33,d3,2025-10-08 18:22:54+05:30,15.659131123482949,-0.014914496919447419,0,,normal,0,,normal,normal,0,0,0,0,0,0
1759927975.0,2025-10-08T18:22:55+05:30,0.52695,53.33,d3,2025-10-08 18:22:55+05:30,18.912454302491504,-0.014911669447753519,0,,normal,0,,normal,normal,0,0,0,0,0,0
1759927976.0,2025-10-08T18:22:56+05:30,0.94895,53.33,d3,2025-10-08 18:22:56+05:30,11.465279241014764,-0.014918141807100327,0,,normal,0,,normal,normal,0,0,0,0,0,0
1759927977.0,2025-10-08T18:22:57+05:30,0.48795,53.33,d3,2025-10-08 18:22:57+05:30,21.048100776677117,-0.014909813351810486,0,,normal,0,,normal,normal,0,0,0,0,0,0
1759927978.0,2025-10-08T18:22:58+05:30,0.50395,61.11,d3,2025-10-08 18:22:58+05:30,23.04995842477985,-0.014908073532086534,0,,normal,0,,normal,normal,0,0,0,0,0,0
1759927979.0,2025-10-08T18:22:59+05:30,0.53595,53.33,d3,2025-10-08 18:22:59+05:30,17.643880128885304,-0.014912771968889639,0,,normal,0,,normal,normal,0,0,0,0,0,0
1759927980.0,2025-10-08T18:23:00+05:30,0.48495,53.33,d3,2025-10-08 18:23:00+05:30,16.044639823201283,-0.014914161872827018,0,,normal,0,,normal,normal,0,0,0,0,0,0
1759927981.0,2025-10-08T18:23:01+05:30,0.94695,53.33,d3,2025-10-08 18:23:01+05:30,10.995691962482152,-0.014918549926633743,0,,normal,0,,normal,normal,0,0,0,0,0,0
1759927982.0,2025-10-08T18:23:02+05:30,0.51195,61.67,d3,2025-10-08 18:23:02+05:30,27.764246030382917,-0.014903976332383856,0,,normal,0,,normal,normal,0,0,0,0,0,0
1759927983.0,2025-10-08T18:23:03+05:30,0.51695,61.67,d3,2025-10-08 18:23:03+05:30,20.752542108602544,-0.014910070222622846,0,,normal,0,,normal,normal,0,0,0,0,0,0
1759927984.0,2025-10-08T18:23:04+05:30,0.48995,61.11,d3,2025-10-08 18:23:04+05:30,20.17857244409894,-0.014910569061161241,0,,normal,0,,normal,normal,0,0,0,0,0,0
1759927985.0,2025-10-08T18:23:05+05:30,0.56195,53.33,d3,2025-10-08 18:23:05+05:30,17.240523688208338,-0.014913122527028446,0,,normal,0,,normal,normal,0,0,0,0,0,0
1759927986.0,2025-10-08T18:23:06+05:30,0.85795,53.33,d3,2025-10-08 18:23:06+05:30,11.076285156489014,-0.014918479882877794,0,,normal,0,,normal,normal,0,0,0,0,0,0
1759927987.0,2025-10-08T18:23:07+05:30,0.41295,61.67,d3,2025-10-08 18:23:07+05:30,28.38754059814088,-0.014903434625442883,0,,normal,0,,normal,normal,0,0,0,0,0,0
1759927988.0,2025-10-08T18:23:08+05:30,0.50495,61.67,d3,2025-10-08 18:23:08+05:30,19.496456946471998,-0.014911161889526391,0,,normal,0,,normal,normal,0,0,0,0,0,0
1759927989.0,2025-10-08T18:23:09+05:30,0.83495,56.67,d3,2025-10-08 18:23:09+05:30,12.453705161692584,-0.014917282763544414,0,,normal,0,,normal,normal,0,0,0,0,0,0
1759927990.0,2025-10-08T18:23:10+05:30,0.85495,53.33,d3,2025-10-08 18:23:10+05:30,14.053353586374113,-0.01491589250490975,0,,normal,0,,normal,normal,0,0,0,0,0,0
1759927991.0,2025-10-08T18:23:11+05:30,0.72495,53.33,d3,2025-10-08 18:23:11+05:30,14.95525228683593,-0.014915108662387499,0,,normal,0,,normal,normal,0,0,0,0,0,0
1759927992.0,2025-10-08T18:23:12+05:30,0.95495,53.33,d3,2025-10-08 18:23:12+05:30,12.279166629764548,-0.014917434455439554,0,,normal,0,,normal,normal,0,0,0,0,0,0
1759927993.0,2025-10-08T18:23:13+05:30,0.87895,53.33,d3,2025-10-08 18:23:13+05:30,15.096286594902278,-0.014914986089101051,0,,normal,0,,normal,normal,0,0,0,0,0,0
1759927994.0,2025-10-08T18:23:14+05:30,0.49695,61.67,d3,2025-10-08 18:23:14+05:30,29.570810480537208,-0.014902406242489629,0,,normal,0,,normal,normal,0,0,0,0,0,0
1759927995.0,2025-10-08T18:23:15+05:30,0.64895,53.33,d3,2025-10-08 18:23:15+05:30,17.666355272450133,-0.014912752435683515,0,,normal,0,,normal,normal,0,0,0,0,0,0
1759927996.0,2025-10-08T18:23:16+05:30,0.43095,53.33,d3,2025-10-08 18:23:16+05:30,19.35245312862062,-0.014911287043621569,0,,normal,0,,normal,normal,0,0,0,0,0,0
1759927997.0,2025-10-08T18:23:17+05:30,0.53295,53.33,d3,2025-10-08 18:23:17+05:30,14.371008338321815,-0.014915616430333031,0,,normal,0,,normal,normal,0,0,0,0,0,0
1759927998.0,2025-10-08T18:23:18+05:30,0.79995,62.22,d3,2025-10-08 18:23:18+05:30,20.945053741415837,-0.014909902910258666,0,,normal,0,,normal,normal,0,0,0,0,0,0
1759927999.0,2025-10-08T18:23:19+05:30,0.42295,53.33,d3,2025-10-08 18:23:19+05:30,22.66813639671231,-0.014908405374610953,0,,normal,0,,normal,normal,0,0,0,0,0,0
1759928000.0,2025-10-08T18:23:20+05:30,0.88095,53.33,d3,2025-10-08 18:23:20+05:30,11.21430112568014,-0.014918359932837567,0,,normal,0,,normal,normal,0,0,0,0,0,0
1759928001.0,2025-10-08T18:23:21+05:30,0.86895,61.11,d3,2025-10-08 18:23:21+05:30,20.671153181484062,-0.014910140957952529,0,,normal,0,,normal,normal,0,0,0,0,0,0
1759928002.0,2025-10-08T18:23:22+05:30,0.81095,53.33,d3,2025-10-08 18:23:22+05:30,17.34899519545675,-0.014913028254157456,0,,normal,0,,normal,normal,0,0,0,0,0,0
1759928003.0,2025-10-08T18:23:23+05:30,0.79195,61.11,d3,2025-10-08 18:23:23+05:30,21.41239601446505,-0.014909496741865395,0,,normal,0,,normal,normal,0,0,0,0,0,0
1759928004.0,2025-10-08T18:23:24+05:30,0.54195,53.33,d3,2025-10-08 18:23:24+05:30,21.66725287071505,-0.014909275245104268,0,,normal,0,,normal,normal,0,0,0,0,0,0
1759928005.0,2025-10-08T18:23:25+05:30,0.71995,53.33,d3,2025-10-08 18:23:25+05:30,13.57946679298334,-0.014916304361162784,0,,normal,0,,normal,normal,0,0,0,0,0,0
1759928006.0,2025-10-08T18:23:26+05:30,0.58195,53.33,d3,2025-10-08 18:23:26+05:30,16.234116202243378,-0.014913997198409837,0,,normal,0,,normal,normal,0,0,0,0,0,0
1759928007.0,2025-10-08T18:23:27+05:30,0.54195,53.33,d3,2025-10-08 18:23:27+05:30,15.328755970321033,-0.014914784049358141,0,,normal,0,,normal,normal,0,0,0,0,0,0
1759928008.0,2025-10-08T18:23:28+05:30,0.51695,61.67,d3,2025-10-08 18:23:28+05:30,22.949778597762055,-0.014908160598636522,0,,normal,0,,normal,normal,0,0,0,0,0,0
1759928009.0,2025-10-08T18:23:29+05:30,0.62995,61.11,d3,2025-10-08 18:23:29+05:30,17.046394145831176,-0.014913291245522063,0,,normal,0,,normal,normal,0,0,0,0,0,0
1759928010.0,2025-10-08T18:23:30+05:30,0.71595,53.33,d3,2025-10-08 18:23:30+05:30,14.882919554266646,-0.014915171526954782,0,,normal,0,,normal,normal,0,0,0,0,0,0
1759928011.0,2025-10-08T18:23:31+05:30,0.44795,62.22,d3,2025-10-08 18:23:31+05:30,26.766961171197714,-0.014904843075266426,0,,normal,0,,normal,normal,0,0,0,0,0,0
1759928012.0,2025-10-08T18:23:32+05:30,0.49095,62.22,d3,2025-10-08 18:23:32+05:30,20.341109748980244,-0.014910427799563955,0,,normal,0,,normal,normal,0,0,0,0,0,0
1759928013.0,2025-10-08T18:23:33+05:30,0.85995,61.11,d3,2025-10-08 18:23:33+05:30,15.256808211889659,-0.014914846579343393,0,,normal,0,,normal,normal,0,0,0,0,0,0
1759928014.0,2025-10-08T18:23:34+05:30,0.80195,53.33,d3,2025-10-08 18:23:34+05:30,16.359094812119157,-0.014913888579172729,0,,normal,0,,normal,normal,0,0,0,0,0,0
1759928015.0,2025-10-08T18:23:35+05:30,0.92895,53.33,d3,2025-10-08 18:23:35+05:30,12.480430703691974,-0.014917259536305882,0,,normal,0,,normal,normal,0,0,0,0,0,0
1759928016.0,2025-10-08T18:23:36+05:30,0.95995,53.33,d3,2025-10-08 18:23:36+05:30,13.648833242427358,-0.014916244074599933,0,,normal,0,,normal,normal,0,0,0,0,0,0
1759928017.0,2025-10-08T18:23:37+05:30,0.75595,53.33,d3,2025-10-08 18:23:37+05:30,17.261881276204896,-0.014913103965092791,0,,normal,0,,normal,normal,0,0,0,0,0,0
1759928018.0,2025-10-08T18:23:38+05:30,0.75095,53.33,d3,2025-10-08 18:23:38+05:30,15.682007622599263,-0.014914477037422134,0,,normal,0,,normal,normal,0,0,0,0,0,0
1759928019.0,2025-10-08T18:23:39+05:30,0.51995,61.11,d3,2025-10-08 18:23:39+05:30,26.246811677364345,-0.01490529513855356,0,,normal,0,,normal,normal,0,0,0,0,0,0
1759928020.0,2025-10-08T18:23:40+05:30,0.86295,53.33,d3,2025-10-08 18:23:40+05:30,14.989475191655155,-0.014915078919171307,0,,normal,0,,normal,normal,0,0,0,0,0,0
1759928021.0,2025-10-08T18:23:41+05:30,0.89995,53.33,d3,2025-10-08 18:23:41+05:30,13.220713664847102,-0.014916616154445865,0,,normal,0,,normal,normal,0,0,0,0,0,0
1759928022.0,2025-10-08T18:23:42+05:30,0.83695,53.33,d3,2025-10-08 18:23:42+05:30,14.195621200718437,-0.014915768859753585,0,,normal,0,,normal,normal,0,0,0,0,0,0
1759928023.0,2025-10-08T18:23:43+05:30,0.54295,61.67,d3,2025-10-08 18:23:43+05:30,27.05189914087885,-0.014904595434930848,0,,normal,0,,normal,normal,0,0,0,0,0,0
1759928024.0,2025-10-08T18:23:44+05:30,0.85495,53.33,d3,2025-10-08 18:23:44+05:30,15.448358979470159,-0.014914680102069703,0,,normal,0,,normal,normal,0,0,0,0,0,0
1759928025.0,2025-10-08T18:23:45+05:30,0.92095,53.33,d3,2025-10-08 18:23:45+05:30,13.28214298746432,-0.014916562766060721,0,,normal,0,,normal,normal,0,0,0,0,0,0
1759928026.0,2025-10-08T18:23:46+05:30,0.52395,53.33,d3,2025-10-08 18:23:46+05:30,20.34782907793282,-0.01491042195977757,0,,normal,0,,normal,normal,0,0,0,0,0,0
1759928027.0,2025-10-08T18:23:47+05:30,0.45095,53.33,d3,2025-10-08 18:23:47+05:30,17.426906330722733,-0.014912960541385783,0,,normal,0,,normal,normal,0,0,0,0,0,0
1759928028.0,2025-10-08T18:23:48+05:30,0.43295,61.67,d3,2025-10-08 18:23:48+05:30,25.414086401627277,-0.014906018862271244,0,,normal,0,,normal,normal,0,0,0,0,0,0
1759928029.0,2025-10-08T18:23:49+05:30,0.60695,53.33,d3,2025-10-08 18:23:49+05:30,16.399500348075488,-0.014913853462615626,0,,normal,0,,normal,normal,0,0,0,0,0,0
1759928030.0,2025-10-08T18:23:50+05:30,0.47395,53.33,d3,2025-10-08 18:23:50+05:30,15.087964171093525,-0.014914993322141377,0,,normal,0,,normal,normal,0,0,0,0,0,0
1759928031.0,2025-10-08T18:23:51+05:30,0.82895,53.33,d3,2025-10-08 18:23:51+05:30,10.955457912380876,-0.014918584894152043,0,,normal,0,,normal,normal,0,0,0,0,0,0
1759928032.0,2025-10-08T18:23:52+05:30,0.91295,53.33,d3,2025-10-08 18:23:52+05:30,12.612839238463877,-0.014917144459701591,0,,normal,0,,normal,normal,0,0,0,0,0,0
1759928033.0,2025-10-08T18:23:53+05:30,0.84195,62.22,d3,2025-10-08 18:23:53+05:30,24.112621176232693,-0.0149071499691066,0,,normal,0,,normal,normal,0,0,0,0,0,0
1759928034.0,2025-10-08T18:23:54+05:30,0.92495,61.11,d3,2025-10-08 18:23:54+05:30,17.80865246599608,-0.014912628764819991,0,,normal,0,,normal,normal,0,0,0,0,0,0
1759928035.0,2025-10-08T18:23:55+05:30,0.89195,53.33,d3,2025-10-08 18:23:55+05:30,17.748457434658274,-0.01491268108047935,0,,normal,0,,normal,normal,0,0,0,0,0,0
1759928036.0,2025-10-08T18:23:56+05:30,0.99295,53.33,d3,2025-10-08 18:23:56+05:30,13.943113259447307,-0.01491598831506655,0,,normal,0,,normal,normal,0,0,0,0,0,0
1759928037.0,2025-10-08T18:23:57+05:30,0.71195,61.67,d3,2025-10-08 18:23:57+05:30,26.977233072480505,-0.014904660327406411,0,,normal,0,,normal,normal,0,0,0,0,0,0
1759928038.0,2025-10-08T18:23:58+05:30,0.52395,53.33,d3,2025-10-08 18:23:58+05:30,22.45259497977515,-0.01490859270222082,0,,normal,0,,normal,normal,0,0,0,0,0,0
1759928039.0,2025-10-08T18:23:59+05:30,0.49695,53.33,d3,2025-10-08 18:23:59+05:30,17.576792184214554,-0.014912830275198026,0,,normal,0,,normal,normal,0,0,0,0,0,0
1759928040.0,2025-10-08T18:24:00+05:30,0.58295,53.33,d3,2025-10-08 18:24:00+05:30,14.88127448572167,-0.014915172956688164,0,,normal,0,,normal,normal,0,0,0,0,0,0
1759928041.0,2025-10-08T18:24:01+05:30,0.53495,53.33,d3,2025-10-08 18:24:01+05:30,14.760786492945563,-0.01491527767311819,0,,normal,0,,normal,normal,0,0,0,0,0,0
1759928042.0,2025-10-08T18:24:02+05:30,0.48195,62.22,d3,2025-10-08 18:24:02+05:30,24.252850632134095,-0.014907028095319278,0,,normal,0,,normal,normal,0,0,0,0,0,0
1759928043.0,2025-10-08T18:24:03+05:30,0.48495,61.67,d3,2025-10-08 18:24:03+05:30,19.424899482030483,-0.014911224080306115,0,,normal,0,,normal,normal,0,0,0,0,0,0
1759928044.0,2025-10-08T18:24:04+05:30,0.59995,61.11,d3,2025-10-08 18:24:04+05:30,16.78722956305171,-0.014913516486139597,0,,normal,0,,normal,normal,0,0,0,0,0,0
1759928045.0,2025-10-08T18:24:05+05:30,0.80395,53.33,d3,2025-10-08 18:24:05+05:30,14.144841623214587,-0.01491581299241736,0,,normal,0,,normal,normal,0,0,0,0,0,0
1759928046.0,2025-10-08T18:24:06+05:30,0.58395,53.33,d3,2025-10-08 18:24:06+05:30,15.563891525204692,-0.014914579692431673,0,,normal,0,,normal,normal,0,0,0,0,0,0
1759928047.0,2025-10-08T18:24:07+05:30,0.60495,53.33,d3,2025-10-08 18:24:07+05:30,13.70187515314793,-0.014916197975736433,0,,normal,0,,normal,normal,0,0,0,0,0,0
1759928048.0,2025-10-08T18:24:08+05:30,0.76995,62.22,d3,2025-10-08 18:24:08+05:30,21.762655623476288,-0.014909192330322028,0,,normal,0,,normal,normal,0,0,0,0,0,0
1759928049.0,2025-10-08T18:24:09+05:30,0.71195,61.67,d3,2025-10-08 18:24:09+05:30,19.393225363439786,-0.01491125160836552,0,,normal,0,,normal,normal,0,0,0,0,0,0
1759928050.0,2025-10-08T18:24:10+05:30,0.59795,53.33,d3,2025-10-08 18:24:10+05:30,18.136544231271397,-0.014912343793228186,0,,normal,0,,normal,normal,0,0,0,0,0,0
1759928051.0,2025-10-08T18:24:11+05:30,0.50395,53.33,d3,2025-10-08 18:24:11+05:30,15.778289791781749,-0.014914393358336777,0,,normal,0,,normal,normal,0,0,0,0,0,0
1759928052.0,2025-10-08T18:24:12+05:30,0.89695,53.33,d3,2025-10-08 18:24:12+05:30,11.128270328728204,-0.014918434702428474,0,,normal,0,,normal,normal,0,0,0,0,0,0
1759928053.0,2025-10-08T18:24:13+05:30,0.88895,61.67,d3,2025-10-08 18:24:13+05:30,21.51281255821009,-0.014909409469584281,0,,normal,0,,normal,normal,0,0,0,0,0,0
1759928054.0,2025-10-08T18:24:14+05:30,0.95895,53.33,d3,2025-10-08 18:24:14+05:30,16.011486877717516,-0.01491419068613875,0,,normal,0,,normal,normal,0,0,0,0,0,0
1759928055.0,2025-10-08T18:24:15+05:30,0.45995,53.33,d3,2025-10-08 18:24:15+05:30,22.894890124448917,-0.014908208302352408,0,,normal,0,,normal,normal,0,0,0,0,0,0
1759928056.0,2025-10-08T18:24:16+05:30,0.94395,53.33,d3,2025-10-08 18:24:16+05:30,12.317476942078068,-0.014917401159846804,0,,normal,0,,normal,normal,0,0,0,0,0,0
1759928057.0,2025-10-08T18:24:17+05:30,0.81595,53.33,d3,2025-10-08 18:24:17+05:30,15.71242305840914,-0.014914450603287228,0,,normal,0,,normal,normal,0,0,0,0,0,0
1759928058.0,2025-10-08T18:24:18+05:30,0.60395,61.67,d3,2025-10-08 18:24:18+05:30,26.190772035270083,-0.014905343842753247,0,,normal,0,,normal,normal,0,0,0,0,0,0
1759928059.0,2025-10-08T18:24:19+05:30,0.57895,61.67,d3,2025-10-08 18:24:19+05:30,21.157266098737363,-0.014909718475943228,0,,normal,0,,normal,normal,0,0,0,0,0,0
1759928060.0,2025-10-08T18:24:20+05:30,0.71495,62.22,d3,2025-10-08 18:24:20+05:30,20.2526544246309,-0.014910504676317972,0,,normal,0,,normal,normal,0,0,0,0,0,0
1759928061.0,2025-10-08T18:24:21+05:30,0.60195,53.33,d3,2025-10-08 18:24:21+05:30,19.13513332166664,-0.014911475916834857,0,,normal,0,,normal,normal,0,0,0,0,0,0
1759928062.0,2025-10-08T18:24:22+05:30,0.40595,53.33,d3,2025-10-08 18:24:22+05:30,17.530467927181224,-0.01491287053573112,0,,normal,0,,normal,normal,0,0,0,0,0,0
1759928063.0,2025-10-08T18:24:23+05:30,0.73395,53.33,d3,2025-10-08 18:24:23+05:30,11.51186800957161,-0.01491810131667958,0,,normal,0,,normal,normal,0,0,0,0,0,0
1759928064.0,2025-10-08T18:24:24+05:30,0.53495,60.56,d3,2025-10-08 18:24:24+05:30,21.815790531490418,-0.014909146150634335,0,,normal,0,,normal,normal,0,0,0,0,0,0
1759928065.0,2025-10-08T18:24:25+05:30,0.84295,53.33,d3,2025-10-08 18:24:25+05:30,13.508985667679363,-0.014916365616493345,0,,normal,0,,normal,normal,0,0,0,0,0,0
1759928066.0,2025-10-08T18:24:26+05:30,0.52095,53.33,d3,2025-10-08 18:24:26+05:30,17.68044381410345,-0.01491274019129507,0,,normal,0,,normal,normal,0,0,0,0,0,0
1759928067.0,2025-10-08T18:24:27+05:30,0.55295,53.33,d3,2025-10-08 18:24:27+05:30,14.649694950245774,-0.014915374223068848,0,,normal,0,,normal,normal,0,0,0,0,0,0
1759928068.0,2025-10-08T18:24:28+05:30,0.86595,53.33,d3,2025-10-08 18:24:28+05:30,11.370645638065563,-0.014918224053412458,0,,normal,0,,normal,normal,0,0,0,0,0,0
1759928069.0,2025-10-08T18:24:29+05:30,0.91695,53.33,d3,2025-10-08 18:24:29+05:30,13.162883296867513,-0.014916666414970109,0,,normal,0,,normal,normal,0,0,0,0,0,0
1759928070.0,2025-10-08T18:24:30+05:30,0.86595,53.33,d3,2025-10-08 18:24:30+05:30,14.235534459219936,-0.014915734171036104,0,,normal,0,,normal,normal,0,0,0,0,0,0
1759928071.0,2025-10-08T18:24:31+05:30,0.90695,53.33,d3,2025-10-08 18:24:31+05:30,13.922799461546258,-0.014916005969841498,0,,normal,0,,normal,normal,0,0,0,0,0,0
1759928072.0,2025-10-08T18:24:32+05:30,1.02895,53.33,d3,2025-10-08 18:24:32+05:30,13.513848491525684,-0.014916361390200406,0,,normal,0,,normal,normal,0,0,0,0,0,0
1759928073.0,2025-10-08T18:24:33+05:30,0.65595,61.67,d3,2025-10-08 18:24:33+05:30,28.62723180675634,-0.01490322630918583,0,,normal,0,,normal,normal,0,0,0,0,0,0
1759928074.0,2025-10-08T18:24:34+05:30,0.58995,61.67,d3,2025-10-08 18:24:34+05:30,22.885591408558124,-0.014908216383890737,0,,normal,0,,normal,normal,0,0,0,0,0,0
1759928075.0,2025-10-08T18:24:35+05:30,0.59495,53.33,d3,2025-10-08 18:24:35+05:30,19.651513916232204,-0.014911027129107945,0,,normal,0,,normal,normal,0,0,0,0,0,0
1759928076.0,2025-10-08T18:24:36+05:30,0.51895,53.33,d3,2025-10-08 18:24:36+05:30,16.984375052986273,-0.014913345146478057,0,,normal,0,,normal,normal,0,0,0,0,0,0
1759928077.0,2025-10-08T18:24:37+05:30,0.44895,53.33,d3,2025-10-08 18:24:37+05:30,15.65249697696338,-0.014914502685201532,0,,normal,0,,normal,normal,0,0,0,0,0,0
1759928078.0,2025-10-08T18:24:38+05:30,0.44095,53.33,d3,2025-10-08 18:24:38+05:30,14.872142054831198,-0.014915180893707764,0,,normal,0,,normal,normal,0,0,0,0,0,0
1759928079.0,2025-10-08T18:24:39+05:30,0.47895,53.33,d3,2025-10-08 18:24:39+05:30,13.876835368026928,-0.014916045917355536,0,,normal,0,,normal,normal,0,0,0,0,0,0
1759928080.0,2025-10-08T18:24:40+05:30,0.50695,53.33,d3,2025-10-08 18:24:40+05:30,13.338883173467465,-0.01491651345301649,0,,normal,0,,normal,normal,0,0,0,0,0,0
1759928081.0,2025-10-08T18:24:41+05:30,0.86195,53.33,d3,2025-10-08 18:24:41+05:30,10.931842607933591,-0.014918605418274975,0,,normal,0,,normal,normal,0,0,0,0,0,0
1759928082.0,2025-10-08T18:24:42+05:30,0.54395,62.22,d3,2025-10-08 18:24:42+05:30,26.55509344486614,-0.014905027210062169,0,,normal,0,,normal,normal,0,0,0,0,0,0
1759928083.0,2025-10-08T18:24:43+05:30,0.85895,62.22,d3,2025-10-08 18:24:43+05:30,17.640368762768276,-0.014912775020627126,0,,normal,0,,normal,normal,0,0,0,0,0,0
1759928084.0,2025-10-08T18:24:44+05:30,0.99595,61.11,d3,2025-10-08 18:24:44+05:30,17.02906507812545,-0.014913306306260187,0,,normal,0,,normal,normal,0,0,0,0,0,0
1759928085.0,2025-10-08T18:24:45+05:30,0.62695,53.33,d3,2025-10-08 18:24:45+05:30,22.338949752618674,-0.014908691471585328,0,,normal,0,,normal,normal,0,0,0,0,0,0
1759928086.0,2025-10-08T18:24:46+05:30,0.95195,61.67,d3,2025-10-08 18:24:46+05:30,20.79819551424597,-0.014910030545128457,0,,normal,0,,normal,normal,0,0,0,0,0,0
1759928087.0,2025-10-08T18:24:47+05:30,0.39495,62.22,d3,2025-10-08 18:24:47+05:30,31.781970796518404,-0.014900484517268954,1,Rapid current change: 0.557A/sample,medium,0,,normal,medium,0,0,0,0,1,0
1759928088.0,2025-10-08T18:24:48+05:30,0.42095,61.67,d3,2025-10-08 18:24:48+05:30,23.313230224963515,-0.0149078447218756,0,,normal,0,,normal,normal,0,0,0,0,0,0
1759928089.0,2025-10-08T18:24:49+05:30,0.55495,61.11,d3,2025-10-08 18:24:49+05:30,18.703628469025848,-0.014911850938832209,0,,normal,0,,normal,normal,0,0,0,0,0,0
1759928090.0,2025-10-08T18:24:50+05:30,0.70295,62.22,d3,2025-10-08 18:24:50+05:30,19.699000863089907,-0.014910985858078084,0,,normal,0,,normal,normal,0,0,0,0,0,0
1759928091.0,2025-10-08T18:24:51+05:30,1.00995,53.33,d3,2025-10-08 18:24:51+05:30,15.207194749547677,-0.014914889698533431,0,,normal,0,,normal,normal,0,0,0,0,0,0
1759928092.0,2025-10-08T18:24:52+05:30,0.87095,53.33,d3,2025-10-08 18:24:52+05:30,15.07722363610752,-0.014915002656768457,0,,normal,0,,normal,normal,0,0,0,0,0,0
1759928093.0,2025-10-08T18:24:53+05:30,0.91295,53.33,d3,2025-10-08 18:24:53+05:30,14.230460785612353,-0.014915738580579123,0,,normal,0,,normal,normal,0,0,0,0,0,0
1759928094.0,2025-10-08T18:24:54+05:30,0.56995,62.22,d3,2025-10-08 18:24:54+05:30,30.291953212475,-0.014901779495452945,0,,normal,0,,normal,normal,0,0,0,0,0,0
1759928095.0,2025-10-08T18:24:55+05:30,0.64295,53.33,d3,2025-10-08 18:24:55+05:30,19.69611244735523,-0.014910988368407761,0,,normal,0,,normal,normal,0,0,0,0,0,0
1759928096.0,2025-10-08T18:24:56+05:30,0.69495,53.33,d3,2025-10-08 18:24:56+05:30,14.81255079218731,-0.01491523268463017,0,,normal,0,,normal,normal,0,0,0,0,0,0
1759928097.0,2025-10-08T18:24:57+05:30,0.54395,53.33,d3,2025-10-08 18:24:57+05:30,16.900450530458187,-0.014913418085500348,0,,normal,0,,normal,normal,0,0,0,0,0,0
1759928098.0,2025-10-08T18:24:58+05:30,0.48695,62.22,d3,2025-10-08 18:24:58+05:30,25.02238781859565,-0.014906359288535441,0,,normal,0,,normal,normal,0,0,0,0,0,0
1759928099.0,2025-10-08T18:24:59+05:30,0.48595,61.67,d3,2025-10-08 18:24:59+05:30,20.168069769289673,-0.01491057818906342,0,,normal,0,,normal,normal,0,0,0,0,0,0
1759928100.0,2025-10-08T18:25:00+05:30,0.69595,53.33,d3,2025-10-08 18:25:00+05:30,14.97528700170213,-0.014915091250164346,0,,normal,0,,normal,normal,0,0,0,0,0,0
1759928101.0,2025-10-08T18:25:01+05:30,0.59195,53.33,d3,2025-10-08 18:25:01+05:30,14.27133625807384,-0.014915703055598974,0,,normal,0,,normal,normal,0,0,0,0,0,0
1759928102.0,2025-10-08T18:25:02+05:30,0.44795,62.22,d3,2025-10-08 18:25:02+05:30,25.40714199912972,-0.014906024897669639,0,,normal,0,,normal,normal,0,0,0,0,0,0
1759928103.0,2025-10-08T18:25:03+05:30,0.47795,62.22,d3,2025-10-08 18:25:03+05:30,20.148059873875727,-0.014910595579715923,0,,normal,0,,normal,normal,0,0,0,0,0,0
1759928104.0,2025-10-08T18:25:04+05:30,0.52195,62.22,d3,2025-10-08 18:25:04+05:30,19.690928866644388,-0.014910992873471333,0,,normal,0,,normal,normal,0,0,0,0,0,0
1759928105.0,2025-10-08T18:25:05+05:30,0.64695,53.33,d3,2025-10-08 18:25:05+05:30,15.183210215673581,-0.014914910543554625,0,,normal,0,,normal,normal,0,0,0,0,0,0
1759928106.0,2025-10-08T18:25:06+05:30,0.87695,53.33,d3,2025-10-08 18:25:06+05:30,11.157010245151772,-0.014918409724491854,0,,normal,0,,normal,normal,0,0,0,0,0,0
1759928107.0,2025-10-08T18:25:07+05:30,0.91995,53.33,d3,2025-10-08 18:25:07+05:30,12.890238465053255,-0.014916903371307374,0,,normal,0,,normal,normal,0,0,0,0,0,0
1759928108.0,2025-10-08T18:25:08+05:30,1.01295,53.33,d3,2025-10-08 18:25:08+05:30,13.082978635570226,-0.014916735860320475,0,,normal,0,,normal,normal,0,0,0,0,0,0
1759928109.0,2025-10-08T18:25:09+05:30,0.87695,53.33,d3,2025-10-08 18:25:09+05:30,15.883496918361327,-0.014914301922547574,0,,normal,0,,normal,normal,0,0,0,0,0,0
1759928110.0,2025-10-08T18:25:10+05:30,0.86895,53.33,d3,2025-10-08 18:25:10+05:30,15.689998425168017,-0.014914470092594697,0,,normal,0,,normal,normal,0,0,0,0,0,0
1759928111.0,2025-10-08T18:25:11+05:30,1.12795,53.33,d3,2025-10-08 18:25:11+05:30,13.272355584234313,-0.014916571272318498,1,High charge: 1.128A,high,0,,normal,high,0,0,0,0,1,0
1759928112.0,2025-10-08T18:25:12+05:30,0.45495,53.33,d3,2025-10-08 18:25:12+05:30,28.225799526925492,-0.014903575195031406,1,Rapid current change: 0.673A/sample,medium,0,,normal,medium,0,0,0,0,1,0
1759928113.0,2025-10-08T18:25:13+05:30,0.45495,61.67,d3,2025-10-08 18:25:13+05:30,27.335172945199194,-0.014904349240925742,0,,normal,0,,normal,normal,0,0,0,0,0,0
1759928114.0,2025-10-08T18:25:14+05:30,0.56495,53.33,d3,2025-10-08 18:25:14+05:30,19.13171146234778,-0.01491147889078175,0,,normal,0,,normal,normal,0,0,0,0,0,0
1759928115.0,2025-10-08T18:25:15+05:30,0.85195,53.33,d3,2025-10-08 18:25:15+05:30,12.877166034386656,-0.014916914732591097,0,,normal,0,,normal,normal,0,0,0,0,0,0
1759928116.0,2025-10-08T18:25:16+05:30,0.55795,53.33,d3,2025-10-08 18:25:16+05:30,17.32298427114642,-0.014913050860319884,0,,normal,0,,normal,normal,0,0,0,0,0,0
1759928117.0,2025-10-08T18:25:17+05:30,0.46095,62.78,d3,2025-10-08 18:25:17+05:30,27.921173368018597,-0.014903839946423792,0,,normal,0,,normal,normal,0,0,0,0,0,0
1759928118.0,2025-10-08T18:25:18+05:30,0.46495,62.22,d3,2025-10-08 18:25:18+05:30,22.19483558964078,-0.014908816721581744,0,,normal,0,,normal,normal,0,0,0,0,0,0
1759928119.0,2025-10-08T18:25:19+05:30,0.57595,61.67,d3,2025-10-08 18:25:19+05:30,19.26828471398227,-0.014911360194611128,0,,normal,0,,normal,normal,0,0,0,0,0,0
1759928120.0,2025-10-08T18:25:20+05:30,0.62195,53.33,d3,2025-10-08 18:25:20+05:30,16.199437215799396,-0.014914027338007762,0,,normal,0,,normal,normal,0,0,0,0,0,0
1759928121.0,2025-10-08T18:25:21+05:30,0.67595,62.22,d3,2025-10-08 18:25:21+05:30,22.17643270661997,-0.014908832715575568,0,,normal,0,,normal,normal,0,0,0,0,0,0
1759928122.0,2025-10-08T18:25:22+05:30,0.39795,62.22,d3,2025-10-08 18:25:22+05:30,23.870733270357533,-0.014907360194518994,0,,normal,0,,normal,normal,0,0,0,0,0,0
1759928123.0,2025-10-08T18:25:23+05:30,1.14495,53.33,d3,2025-10-08 18:25:23+05:30,16.104959271647253,-0.014914109449036423,1,High charge: 1.145A; Rapid current change: 0.747A/sample,high,0,,normal,high,0,0,0,0,1,0
1759928124.0,2025-10-08T18:25:24+05:30,0.87495,53.33,d3,2025-10-08 18:25:24+05:30,16.674491526821658,-0.014913614467062096,0,,normal,0,,normal,normal,0,0,0,0,0,0
1759928125.0,2025-10-08T18:25:25+05:30,0.87795,63.33,d3,2025-10-08 18:25:25+05:30,27.9582456084349,-0.014903807726842572,0,,normal,0,,normal,normal,0,0,0,0,0,0
1759928126.0,2025-10-08T18:25:26+05:30,0.87495,53.33,d3,2025-10-08 18:25:26+05:30,19.824690526470498,-0.014910876620862512,0,,normal,0,,normal,normal,0,0,0,0,0,0
1759928127.0,2025-10-08T18:25:27+05:30,0.85395,53.33,d3,2025-10-08 18:25:27+05:30,16.456460621137833,-0.014913803958293151,0,,normal,0,,normal,normal,0,0,0,0,0,0
1759928128.0,2025-10-08T18:25:28+05:30,0.56395,53.33,d3,2025-10-08 18:25:28+05:30,19.78481715227843,-0.014910911274916436,0,,normal,0,,normal,normal,0,0,0,0,0,0
1759928129.0,2025-10-08T18:25:29+05:30,0.47695,61.67,d3,2025-10-08 18:25:29+05:30,26.545170765342796,-0.014905035833888927,0,,normal,0,,normal,normal,0,0,0,0,0,0
1759928130.0,2025-10-08T18:25:30+05:30,0.67995,53.33,d3,2025-10-08 18:25:30+05:30,16.69192454148799,-0.0149135993159834,0,,normal,0,,normal,normal,0,0,0,0,0,0
1759928131.0,2025-10-08T18:25:31+05:30,0.56695,53.33,d3,2025-10-08 18:25:31+05:30,16.052450582388538,-0.014914155084475755,0,,normal,0,,normal,normal,0,0,0,0,0,0
1759928132.0,2025-10-08T18:25:32+05:30,0.58995,53.33,d3,2025-10-08 18:25:32+05:30,13.857608637592927,-0.014916062627357302,0,,normal,0,,normal,normal,0,0,0,0,0,0
1759928133.0,2025-10-08T18:25:33+05:30,0.70695,62.22,d3,2025-10-08 18:25:33+05:30,21.970225542525842,-0.014909011930761848,0,,normal,0,,normal,normal,0,0,0,0,0,0
1759928134.0,2025-10-08T18:25:34+05:30,0.54995,61.67,d3,2025-10-08 18:25:34+05:30,20.86142402196926,-0.014909975593066827,0,,normal,0,,normal,normal,0,0,0,0,0,0
1759928135.0,2025-10-08T18:25:35+05:30,0.78995,53.33,d3,2025-10-08 18:25:35+05:30,14.557560776525122,-0.014915454297120491,0,,normal,0,,normal,normal,0,0,0,0,0,0
1759928136.0,2025-10-08T18:25:36+05:30,0.52895,53.33,d3,2025-10-08 18:25:36+05:30,16.965594201311024,-0.014913361468965425,0,,normal,0,,normal,normal,0,0,0,0,0,0
1759928137.0,2025-10-08T18:25:37+05:30,0.53995,53.33,d3,2025-10-08 18:25:37+05:30,14.519752042316584,-0.014915487156790395,0,,normal,0,,normal,normal,0,0,0,0,0,0
1759928138.0,2025-10-08T18:25:38+05:30,0.48195,62.22,d3,2025-10-08 18:25:38+05:30,24.737250833323127,-0.01490660710183599,0,,normal,0,,normal,normal,0,0,0,0,0,0
1759928139.0,2025-10-08T18:25:39+05:30,0.93995,53.33,d3,2025-10-08 18:25:39+05:30,14.39951632568133,-0.014915591653966567,0,,normal,0,,normal,normal,0,0,0,0,0,0
1759928140.0,2025-10-08T18:25:40+05:30,0.95095,53.33,d3,2025-10-08 18:25:40+05:30,13.168308440673083,-0.014916661699963422,0,,normal,0,,normal,normal,0,0,0,0,0,0
1759928141.0,2025-10-08T18:25:41+05:30,0.90895,53.33,d3,2025-10-08 18:25:41+05:30,14.21762717309188,-0.014915749734305369,0,,normal,0,,normal,normal,0,0,0,0,0,0
1759928142.0,2025-10-08T18:25:42+05:30,0.83295,53.33,d3,2025-10-08 18:25:42+05:30,15.304643631973617,-0.014914805005454538,0,,normal,0,,normal,normal,0,0,0,0,0,0
1759928143.0,2025-10-08T18:25:43+05:30,0.66095,62.22,d3,2025-10-08 18:25:43+05:30,27.686127679131562,-0.014904044225247487,0,,normal,0,,normal,normal,0,0,0,0,0,0
1759928144.0,2025-10-08T18:25:44+05:30,0.80795,61.67,d3,2025-10-08 18:25:44+05:30,19.22423869493832,-0.01491139847512162,0,,normal,0,,normal,normal,0,0,0,0,0,0
1759928145.0,2025-10-08T18:25:45+05:30,0.51395,53.33,d3,2025-10-08 18:25:45+05:30,22.5706079615137,-0.014908490136829369,0,,normal,0,,normal,normal,0,0,0,0,0,0
1759928146.0,2025-10-08T18:25:46+05:30,0.48195,53.33,d3,2025-10-08 18:25:46+05:30,16.634138410345898,-0.014913649538061291,0,,normal,0,,normal,normal,0,0,0,0,0,0
1759928147.0,2025-10-08T18:25:47+05:30,0.54195,53.33,d3,2025-10-08 18:25:47+05:30,14.523814612711421,-0.014915483625999827,0,,normal,0,,normal,normal,0,0,0,0,0,0
1759928148.0,2025-10-08T18:25:48+05:30,0.57095,62.22,d3,2025-10-08 18:25:48+05:30,23.89209896955994,-0.014907341625533869,0,,normal,0,,normal,normal,0,0,0,0,0,0
1759928149.0,2025-10-08T18:25:49+05:30,0.54495,53.33,d3,2025-10-08 18:25:49+05:30,17.230497553772118,-0.014913131240768136,0,,normal,0,,normal,normal,0,0,0,0,0,0
1759928150.0,2025-10-08T18:25:50+05:30,0.72695,53.33,d3,2025-10-08 18:25:50+05:30,11.581660656295249,-0.014918040659707556,0,,normal,0,,normal,normal,0,0,0,0,0,0
1759928151.0,2025-10-08T18:25:51+05:30,0.76395,53.33,d3,2025-10-08 18:25:51+05:30,12.688550391432006,-0.014917078658940292,0,,normal,0,,normal,normal,0,0,0,0,0,0
1759928152.0,2025-10-08T18:25:52+05:30,0.54595,53.33,d3,2025-10-08 18:25:52+05:30,16.265450303517852,-0.014913969965860367,0,,normal,0,,normal,normal,0,0,0,0,0,0
1759928153.0,2025-10-08T18:25:53+05:30,0.56795,62.22,d3,2025-10-08 18:25:53+05:30,23.91726506119302,-0.014907319753617731,0,,normal,0,,normal,normal,0,0,0,0,0,0
1759928154.0,2025-10-08T18:25:54+05:30,0.49195,61.67,d3,2025-10-08 18:25:54+05:30,20.726448192813542,-0.014910092900913387,0,,normal,0,,normal,normal,0,0,0,0,0,0
1759928155.0,2025-10-08T18:25:55+05:30,0.58495,53.33,d3,2025-10-08 18:25:55+05:30,16.063006686343325,-0.014914145910138165,0,,normal,0,,normal,normal,0,0,0,0,0,0
1759928156.0,2025-10-08T18:25:56+05:30,0.67195,53.33,d3,2025-10-08 18:25:56+05:30,12.009377936430486,-0.01491766892949939,0,,normal,0,,normal,normal,0,0,0,0,0,0
1759928157.0,2025-10-08T18:25:57+05:30,0.45595,53.33,d3,2025-10-08 18:25:57+05:30,16.082950632661106,-0.014914128576802195,0,,normal,0,,normal,normal,0,0,0,0,0,0
1759928158.0,2025-10-08T18:25:58+05:30,0.40795,61.67,d3,2025-10-08 18:25:58+05:30,23.292513875124634,-0.014907862726509494,0,,normal,0,,normal,normal,0,0,0,0,0,0
1759928159.0,2025-10-08T18:25:59+05:30,0.86095,53.33,d3,2025-10-08 18:25:59+05:30,13.756809917479169,-0.014916150231788902,0,,normal,0,,normal,normal,0,0,0,0,0,0
1759928160.0,2025-10-08T18:26:00+05:30,0.68095,53.33,d3,2025-10-08 18:26:00+05:30,15.001552807579344,-0.014915068422483682,0,,normal,0,,normal,normal,0,0,0,0,0,0
1759928161.0,2025-10-08T18:26:01+05:30,0.57495,62.78,d3,2025-10-08 18:26:01+05:30,26.313781387163733,-0.014905236935003407,0,,normal,0,,normal,normal,0,0,0,0,0,0
1759928162.0,2025-10-08T18:26:02+05:30,0.82795,53.33,d3,2025-10-08 18:26:02+05:30,15.711061564281495,-0.01491445178656534,0,,normal,0,,normal,normal,0,0,0,0,0,0
1759928163.0,2025-10-08T18:26:03+05:30,0.98695,53.33,d3,2025-10-08 18:26:03+05:30,12.543883672543592,-0.014917204389164496,0,,normal,0,,normal,normal,0,0,0,0,0,0
1759928164.0,2025-10-08T18:26:04+05:30,0.58695,62.22,d3,2025-10-08 18:26:04+05:30,29.44230610189006,-0.014902517925981608,0,,normal,0,,normal,normal,0,0,0,0,0,0
1759928165.0,2025-10-08T18:26:05+05:30,0.60695,53.33,d3,2025-10-08 18:26:05+05:30,19.235184981253074,-0.014911388961675516,0,,normal,0,,normal,normal,0,0,0,0,0,0
1759928166.0,2025-10-08T18:26:06+05:30,0.80195,53.33,d3,2025-10-08 18:26:06+05:30,13.320101789857883,-0.014916529775966164,0,,normal,0,,normal,normal,0,0,0,0,0,0
1759928167.0,2025-10-08T18:26:07+05:30,0.60595,62.78,d3,2025-10-08 18:26:07+05:30,28.471232908668604,-0.014903361888236651,0,,normal,0,,normal,normal,0,0,0,0,0,0
1759928168.0,2025-10-08T18:26:08+05:30,0.52795,61.67,d3,2025-10-08 18:26:08+05:30,20.86659957498562,-0.014909971094980146,0,,normal,0,,normal,normal,0,0,0,0,0,0
1759928169.0,2025-10-08T18:26:09+05:30,0.69295,61.67,d3,2025-10-08 18:26:09+05:30,17.832380179043597,-0.01491260814300245,0,,normal,0,,normal,normal,0,0,0,0,0,0
1759928170.0,2025-10-08T18:26:10+05:30,0.72995,53.33,d3,2025-10-08 18:26:10+05:30,16.458414127631535,-0.014913802260495544,0,,normal,0,,normal,normal,0,0,0,0,0,0
1759928171.0,2025-10-08T18:26:11+05:30,0.53695,53.33,d3,2025-10-08 18:26:11+05:30,16.168709055948224,-0.014914054043931953,0,,normal,0,,normal,normal,0,0,0,0,0,0
1759928172.0,2025-10-08T18:26:12+05:30,0.53795,53.33,d3,2025-10-08 18:26:12+05:30,14.609317893441194,-0.014915409314874648,0,,normal,0,,normal,normal,0,0,0,0,0,0
1759928173.0,2025-10-08T18:26:13+05:30,0.65895,62.22,d3,2025-10-08 18:26:13+05:30,22.19793202674052,-0.014908814030460151,0,,normal,0,,normal,normal,0,0,0,0,0,0
1759928174.0,2025-10-08T18:26:14+05:30,0.52695,53.33,d3,2025-10-08 18:26:14+05:30,18.65527738448791,-0.014911892960886389,0,,normal,0,,normal,normal,0,0,0,0,0,0
1759928175.0,2025-10-08T18:26:15+05:30,0.76295,53.33,d3,2025-10-08 18:26:15+05:30,11.172599795859998,-0.014918396175572512,0,,normal,0,,normal,normal,0,0,0,0,0,0
1759928176.0,2025-10-08T18:26:16+05:30,0.66295,53.33,d3,2025-10-08 18:26:16+05:30,14.030785709739373,-0.014915912118710425,0,,normal,0,,normal,normal,0,0,0,0,0,0
1759928177.0,2025-10-08T18:26:17+05:30,0.96495,53.33,d3,2025-10-08 18:26:17+05:30,11.294041234334745,-0.014918290630500331,0,,normal,0,,normal,normal,0,0,0,0,0,0
1759928178.0,2025-10-08T18:26:18+05:30,1.00495,62.78,d3,2025-10-08 18:26:18+05:30,24.396338902992646,-0.014906903389287341,0,,normal,0,,normal,normal,0,0,0,0,0,0
1759928179.0,2025-10-08T18:26:19+05:30,0.86295,53.33,d3,2025-10-08 18:26:19+05:30,19.645844506423565,-0.014911032056406856,0,,normal,0,,normal,normal,0,0,0,0,0,0
1759928180.0,2025-10-08T18:26:20+05:30,0.87495,53.33,d3,2025-10-08 18:26:20+05:30,14.871797381997057,-0.014915181193263825,0,,normal,0,,normal,normal,0,0,0,0,0,0
1759928181.0,2025-10-08T18:26:21+05:30,0.95095,53.33,d3,2025-10-08 18:26:21+05:30,14.364802475772338,-0.014915621823864425,0,,normal,0,,normal,normal,0,0,0,0,0,0
1759928182.0,2025-10-08T18:26:22+05:30,0.46995,53.33,d3,2025-10-08 18:26:22+05:30,23.871788075025055,-0.014907359277785494,0,,normal,0,,normal,normal,0,0,0,0,0,0
1759928183.0,2025-10-08T18:26:23+05:30,0.45495,62.22,d3,2025-10-08 18:26:23+05:30,27.81270849853037,-0.014903934213525887,0,,normal,0,,normal,normal,0,0,0,0,0,0
1759928184.0,2025-10-08T18:26:24+05:30,0.59295,53.33,d3,2025-10-08 18:26:24+05:30,18.175116841240396,-0.014912310269671856,0,,normal,0,,normal,normal,0,0,0,0,0,0
1759928185.0,2025-10-08T18:26:25+05:30,0.70695,53.33,d3,2025-10-08 18:26:25+05:30,13.497673632656609,-0.014916375447812604,0,,normal,0,,normal,normal,0,0,0,0,0,0
1759928186.0,2025-10-08T18:26:26+05:30,0.49695,53.33,d3,2025-10-08 18:26:26+05:30,16.3203953311512,-0.014913922212992977,0,,normal,0,,normal,normal,0,0,0,0,0,0
1759928187.0,2025-10-08T18:26:27+05:30,0.72695,62.22,d3,2025-10-08 18:26:27+05:30,21.591103293125226,-0.014909341426901555,0,,normal,0,,normal,normal,0,0,0,0,0,0
1759928188.0,2025-10-08T18:26:28+05:30,0.45495,62.22,d3,2025-10-08 18:26:28+05:30,24.07442706641149,-0.01490718316370746,0,,normal,0,,normal,normal,0,0,0,0,0,0
1759928189.0,2025-10-08T18:26:29+05:30,0.61495,61.67,d3,2025-10-08 18:26:29+05:30,18.2121716910499,-0.014912278065204855,0,,normal,0,,normal,normal,0,0,0,0,0,0
1759928190.0,2025-10-08T18:26:30+05:30,0.62295,53.33,d3,2025-10-08 18:26:30+05:30,16.718287866670124,-0.01491357640354845,0,,normal,0,,normal,normal,0,0,0,0,0,0
1759928191.0,2025-10-08T18:26:31+05:30,0.51795,53.33,d3,2025-10-08 18:26:31+05:30,15.051162483415476,-0.014915025306584506,0,,normal,0,,normal,normal,0,0,0,0,0,0
1759928192.0,2025-10-08T18:26:32+05:30,0.62095,53.33,d3,2025-10-08 18:26:32+05:30,12.23351311590599,-0.014917474133027995,0,,normal,0,,normal,normal,0,0,0,0,0,0
1759928193.0,2025-10-08T18:26:33+05:30,0.51095,62.22,d3,2025-10-08 18:26:33+05:30,24.38879509188583,-0.014906909945633326,0,,normal,0,,normal,normal,0,0,0,0,0,0
1759928194.0,2025-10-08T18:26:34+05:30,0.70295,53.33,d3,2025-10-08 18:26:34+05:30,14.935378764771164,-0.014915125934517567,0,,normal,0,,normal,normal,0,0,0,0,0,0
1759928195.0,2025-10-08T18:26:35+05:30,0.75595,53.33,d3,2025-10-08 18:26:35+05:30,12.386141807452013,-0.014917341483032504,0,,normal,0,,normal,normal,0,0,0,0,0,0
1759928196.0,2025-10-08T18:26:36+05:30,0.48295,53.33,d3,2025-10-08 18:26:36+05:30,17.239803634272462,-0.014913123152829208,0,,normal,0,,normal,normal,0,0,0,0,0,0
1759928197.0,2025-10-08T18:26:37+05:30,0.42295,62.22,d3,2025-10-08 18:26:37+05:30,25.442088771167278,-0.014905994525338551,0,,normal,0,,normal,normal,0,0,0,0,0,0
1759928198.0,2025-10-08T18:26:38+05:30,0.48395,62.22,d3,2025-10-08 18:26:38+05:30,20.412067213800924,-0.014910366130245474,0,,normal,0,,normal,normal,0,0,0,0,0,0
1759928199.0,2025-10-08T18:26:39+05:30,1.02595,53.33,d3,2025-10-08 18:26:39+05:30,14.72308558447426,-0.014915310439076464,1,Rapid current change: 0.542A/sample,medium,0,,normal,medium,0,0,0,0,1,0
1759928200.0,2025-10-08T18:26:40+05:30,0.87795,53.33,d3,2025-10-08 18:26:40+05:30,14.698188415716567,-0.014915332077271026,0,,normal,0,,normal,normal,0,0,0,0,0,0
1759928201.0,2025-10-08T18:26:41+05:30,0.49195,53.33,d3,2025-10-08 18:26:41+05:30,20.30210957150181,-0.014910461694720328,0,,normal,0,,normal,normal,0,0,0,0,0,0
1759928202.0,2025-10-08T18:26:42+05:30,0.44095,53.33,d3,2025-10-08 18:26:42+05:30,17.945738031130446,-0.014912509623396367,0,,normal,0,,normal,normal,0,0,0,0,0,0
1759928203.0,2025-10-08T18:26:43+05:30,0.65495,53.33,d3,2025-10-08 18:26:43+05:30,14.20222109468469,-0.014915763123768456,0,,normal,0,,normal,normal,0,0,0,0,0,0
1759928204.0,2025-10-08T18:26:44+05:30,0.57195,61.67,d3,2025-10-08 18:26:44+05:30,23.724032057641754,-0.01490748769292711,0,,normal,0,,normal,normal,0,0,0,0,0,0
1759928205.0,2025-10-08T18:26:45+05:30,0.54495,53.33,d3,2025-10-08 18:26:45+05:30,17.26061649617705,-0.014913105064316427,0,,normal,0,,normal,normal,0,0,0,0,0,0
1759928206.0,2025-10-08T18:26:46+05:30,0.55695,53.33,d3,2025-10-08 18:26:46+05:30,13.93415161590816,-0.014915996103654417,0,,normal,0,,normal,normal,0,0,0,0,0,0
1759928207.0,2025-10-08T18:26:47+05:30,0.60795,53.33,d3,2025-10-08 18:26:47+05:30,13.404757330988591,-0.014916456201613693,0,,normal,0,,normal,normal,0,0,0,0,0,0
1759928208.0,2025-10-08T18:26:48+05:30,0.56795,62.22,d3,2025-10-08 18:26:48+05:30,23.75281422339443,-0.014907462678271489,0,,normal,0,,normal,normal,0,0,0,0,0,0
1759928209.0,2025-10-08T18:26:49+05:30,0.45795,53.33,d3,2025-10-08 18:26:49+05:30,18.55656576092687,-0.01491197875141691,0,,normal,0,,normal,normal,0,0,0,0,0,0
1759928210.0,2025-10-08T18:26:50+05:30,0.49295,53.33,d3,2025-10-08 18:26:50+05:30,13.294795957606487,-0.01491655176933124,0,,normal,0,,normal,normal,0,0,0,0,0,0
1759928211.0,2025-10-08T18:26:51+05:30,0.86395,53.33,d3,2025-10-08 18:26:51+05:30,10.607472170695535,-0.01491888732947136,0,,normal,0,,normal,normal,0,0,0,0,0,0
1759928212.0,2025-10-08T18:26:52+05:30,0.54195,62.78,d3,2025-10-08 18:26:52+05:30,28.306131465079815,-0.014903505378333601,0,,normal,0,,normal,normal,0,0,0,0,0,0
1759928213.0,2025-10-08T18:26:53+05:30,0.49795,62.22,d3,2025-10-08 18:26:53+05:30,21.28540707068027,-0.014909607108288965,0,,normal,0,,normal,normal,0,0,0,0,0,0
1759928214.0,2025-10-08T18:26:54+05:30,0.53995,61.67,d3,2025-10-08 18:26:54+05:30,19.436711663729856,-0.014911213814308068,0,,normal,0,,normal,normal,0,0,0,0,0,0
1759928215.0,2025-10-08T18:26:55+05:30,0.68595,53.33,d3,2025-10-08 18:26:55+05:30,15.699021726445904,-0.01491446225041993,0,,normal,0,,normal,normal,0,0,0,0,0,0
1759928216.0,2025-10-08T18:26:56+05:30,0.51695,53.33,d3,2025-10-08 18:26:56+05:30,15.242094066700133,-0.014914859367445507,0,,normal,0,,normal,normal,0,0,0,0,0,0
1759928217.0,2025-10-08T18:26:57+05:30,0.47995,62.22,d3,2025-10-08 18:26:57+05:30,24.19753484032396,-0.014907076170418785,0,,normal,0,,normal,normal,0,0,0,0,0,0
1759928218.0,2025-10-08T18:26:58+05:30,0.89495,53.33,d3,2025-10-08 18:26:58+05:30,14.382717403279754,-0.014915606253954014,0,,normal,0,,normal,normal,0,0,0,0,0,0
1759928219.0,2025-10-08T18:26:59+05:30,1.05195,53.33,d3,2025-10-08 18:26:59+05:30,12.422223170798423,-0.01491731012462514,0,,normal,0,,normal,normal,0,0,0,0,0,0
1759928220.0,2025-10-08T18:27:00+05:30,0.92695,53.33,d3,2025-10-08 18:27:00+05:30,15.098831249090221,-0.014914983877535433,0,,normal,0,,normal,normal,0,0,0,0,0,0
1759928221.0,2025-10-08T18:27:01+05:30,0.88295,53.33,d3,2025-10-08 18:27:01+05:30,15.298744538234834,-0.014914810132372353,0,,normal,0,,normal,normal,0,0,0,0,0,0
1759928222.0,2025-10-08T18:27:02+05:30,0.54695,62.78,d3,2025-10-08 18:27:02+05:30,32.776337443119075,-0.014899620310612581,0,,normal,0,,normal,normal,0,0,0,0,0,0
1759928223.0,2025-10-08T18:27:03+05:30,1.04695,62.22,d3,2025-10-08 18:27:03+05:30,18.930095421547524,-0.014911654115810755,0,,normal,0,,normal,normal,0,0,0,0,0,0
1759928224.0,2025-10-08T18:27:04+05:30,0.65695,61.11,d3,2025-10-08 18:27:04+05:30,24.55485543347518,-0.014906765622155614,0,,normal,0,,normal,normal,0,0,0,0,0,0
1759928225.0,2025-10-08T18:27:05+05:30,0.77295,53.33,d3,2025-10-08 18:27:05+05:30,17.184126491925944,-0.014913171541979412,0,,normal,0,,normal,normal,0,0,0,0,0,0
1759928226.0,2025-10-08T18:27:06+05:30,0.40295,53.33,d3,2025-10-08 18:27:06+05:30,21.751062710456825,-0.014909202405753089,0,,normal,0,,normal,normal,0,0,0,0,0,0
1759928227.0,2025-10-08T18:27:07+05:30,0.62495,53.33,d3,2025-10-08 18:27:07+05:30,14.4494113924716,-0.014915548290033368,0,,normal,0,,normal,normal,0,0,0,0,0,0
1759928228.0,2025-10-08T18:27:08+05:30,0.45395,62.22,d3,2025-10-08 18:27:08+05:30,26.812078525950533,-0.014904803863655268,0,,normal,0,,normal,normal,0,0,0,0,0,0
1759928229.0,2025-10-08T18:27:09+05:30,0.84395,53.33,d3,2025-10-08 18:27:09+05:30,14.873215316772788,-0.014915179960933,0,,normal,0,,normal,normal,0,0,0,0,0,0
1759928230.0,2025-10-08T18:27:10+05:30,0.85595,53.33,d3,2025-10-08 18:27:10+05:30,13.266891534049293,-0.01491657602113882,0,,normal,0,,normal,normal,0,0,0,0,0,0
1759928231.0,2025-10-08T18:27:11+05:30,0.70395,53.33,d3,2025-10-08 18:27:11+05:30,15.60807009191138,-0.014914541296723665,0,,normal,0,,normal,normal,0,0,0,0,0,0
1759928232.0,2025-10-08T18:27:12+05:30,0.50095,53.33,d3,2025-10-08 18:27:12+05:30,17.95660056963445,-0.014912500182735705,0,,normal,0,,normal,normal,0,0,0,0,0,0
1759928233.0,2025-10-08T18:27:13+05:30,0.49095,61.67,d3,2025-10-08 18:27:13+05:30,24.72161397792521,-0.014906620691867963,0,,normal,0,,normal,normal,0,0,0,0,0,0
1759928234.0,2025-10-08T18:27:14+05:30,0.55495,53.33,d3,2025-10-08 18:27:14+05:30,17.54930444987689,-0.014912854164859919,0,,normal,0,,normal,normal,0,0,0,0,0,0
1759928235.0,2025-10-08T18:27:15+05:30,0.75295,53.33,d3,2025-10-08 18:27:15+05:30,11.750195213949269,-0.01491789418588218,0,,normal,0,,normal,normal,0,0,0,0,0,0
1759928236.0,2025-10-08T18:27:16+05:30,0.88495,53.33,d3,2025-10-08 18:27:16+05:30,12.000180626768794,-0.014917676922905299,0,,normal,0,,normal,normal,0,0,0,0,0,0
1759928237.0,2025-10-08T18:27:17+05:30,1.00595,53.33,d3,2025-10-08 18:27:17+05:30,12.590639743574089,-0.014917163753340729,0,,normal,0,,normal,normal,0,0,0,0,0,0
1759928238.0,2025-10-08T18:27:18+05:30,0.51495,62.22,d3,2025-10-08 18:27:18+05:30,31.74799452543997,-0.014900514046135115,0,,normal,0,,normal,normal,0,0,0,0,0,0
1759928239.0,2025-10-08T18:27:19+05:30,0.70895,53.33,d3,2025-10-08 18:27:19+05:30,17.656691064160214,-0.014912760834872247,0,,normal,0,,normal,normal,0,0,0,0,0,0
1759928240.0,2025-10-08T18:27:20+05:30,0.71995,53.33,d3,2025-10-08 18:27:20+05:30,15.177909994733334,-0.014914915149990523,0,,normal,0,,normal,normal,0,0,0,0,0,0
1759928241.0,2025-10-08T18:27:21+05:30,0.46495,53.33,d3,2025-10-08 18:27:21+05:30,19.16566187316803,-0.014911449384390806,0,,normal,0,,normal,normal,0,0,0,0,0,0
1759928242.0,2025-10-08T18:27:22+05:30,0.46595,62.22,d3,2025-10-08 18:27:22+05:30,24.993944493499527,-0.014906384008703763,0,,normal,0,,normal,normal,0,0,0,0,0,0
1759928243.0,2025-10-08T18:27:23+05:30,0.56795,62.22,d3,2025-10-08 18:27:23+05:30,19.85925193536563,-0.014910846583451542,0,,normal,0,,normal,normal,0,0,0,0,0,0
1759928244.0,2025-10-08T18:27:24+05:30,0.47795,53.33,d3,2025-10-08 18:27:24+05:30,18.824946478700006,-0.014911745501032322,0,,normal,0,,normal,normal,0,0,0,0,0,0
1759928245.0,2025-10-08T18:27:25+05:30,0.45895,53.33,d3,2025-10-08 18:27:25+05:30,14.246877173241803,-0.014915724313053647,0,,normal,0,,normal,normal,0,0,0,0,0,0
1759928246.0,2025-10-08T18:27:26+05:30,0.97195,63.33,d3,2025-10-08 18:27:26+05:30,24.085629142184946,-0.01490717342795407,0,,normal,0,,normal,normal,0,0,0,0,0,0
1759928247.0,2025-10-08T18:27:27+05:30,1.02995,53.33,d3,2025-10-08 18:27:27+05:30,17.519867395676062,-0.014912879748680805,0,,normal,0,,normal,normal,0,0,0,0,0,0
1759928248.0,2025-10-08T18:27:28+05:30,0.67095,62.78,d3,2025-10-08 18:27:28+05:30,30.039261430793704,-0.014901999110542095,0,,normal,0,,normal,normal,0,0,0,0,0,0
1759928249.0,2025-10-08T18:27:29+05:30,0.50295,61.67,d3,2025-10-08 18:27:29+05:30,24.21295264179784,-0.014907062770767152,0,,normal,0,,normal,normal,0,0,0,0,0,0
1759928250.0,2025-10-08T18:27:30+05:30,0.88595,62.78,d3,2025-10-08 18:27:30+05:30,20.54727557161588,-0.014910248620307646,0,,normal,0,,normal,normal,0,0,0,0,0,0
1759928251.0,2025-10-08T18:27:31+05:30,0.72595,53.33,d3,2025-10-08 18:27:31+05:30,20.56089153242078,-0.014910236786640458,0,,normal,0,,normal,normal,0,0,0,0,0,0
1759928252.0,2025-10-08T18:27:32+05:30,0.62295,53.33,d3,2025-10-08 18:27:32+05:30,15.935956669242392,-0.014914256329640715,0,,normal,0,,normal,normal,0,0,0,0,0,0
1759928253.0,2025-10-08T18:27:33+05:30,0.42195,62.22,d3,2025-10-08 18:27:33+05:30,28.243416231117113,-0.014903559884307662,0,,normal,0,,normal,normal,0,0,0,0,0,0
1759928254.0,2025-10-08T18:27:34+05:30,0.50795,53.33,d3,2025-10-08 18:27:34+05:30,18.837142018152374,-0.014911734901857049,0,,normal,0,,normal,normal,0,0,0,0,0,0
1759928255.0,2025-10-08T18:27:35+05:30,0.80095,53.33,d3,2025-10-08 18:27:35+05:30,11.60423654299825,-0.014918021038945307,0,,normal,0,,normal,normal,0,0,0,0,0,0
1759928256.0,2025-10-08T18:27:36+05:30,0.50095,53.33,d3,2025-10-08 18:27:36+05:30,17.484403895947434,-0.014912910570101282,0,,normal,0,,normal,normal,0,0,0,0,0,0
1759928257.0,2025-10-08T18:27:37+05:30,0.47395,62.22,d3,2025-10-08 18:27:37+05:30,24.625016188457465,-0.014906704645259738,0,,normal,0,,normal,normal,0,0,0,0,0,0
1759928258.0,2025-10-08T18:27:38+05:30,0.52395,61.67,d3,2025-10-08 18:27:38+05:30,19.339117882608193,-0.014911298633318795,0,,normal,0,,normal,normal,0,0,0,0,0,0
1759928259.0,2025-10-08T18:27:39+05:30,0.84695,53.33,d3,2025-10-08 18:27:39+05:30,14.391699624244596,-0.014915598447482255,0,,normal,0,,normal,normal,0,0,0,0,0,0
1759928260.0,2025-10-08T18:27:40+05:30,1.07495,53.33,d3,2025-10-08 18:27:40+05:30,12.033367974480331,-0.0149176480796945,0,,normal,0,,normal,normal,0,0,0,0,0,0
1759928261.0,2025-10-08T18:27:41+05:30,0.99795,53.33,d3,2025-10-08 18:27:41+05:30,14.688858198599208,-0.014915340186187155,0,,normal,0,,normal,normal,0,0,0,0,0,0
1759928262.0,2025-10-08T18:27:42+05:30,0.45995,53.33,d3,2025-10-08 18:27:42+05:30,24.723940389412807,-0.014906618669977648,1,Rapid current change: 0.538A/sample,medium,0,,normal,medium,0,0,0,0,1,0
1759928263.0,2025-10-08T18:27:43+05:30,0.71495,62.22,d3,2025-10-08 18:27:43+05:30,24.561496621415426,-0.014906759850281783,0,,normal,0,,normal,normal,0,0,0,0,0,0
1759928264.0,2025-10-08T18:27:44+05:30,0.85095,53.33,d3,2025-10-08 18:27:44+05:30,17.769471956475485,-0.014912662816703412,0,,normal,0,,normal,normal,0,0,0,0,0,0
1759928265.0,2025-10-08T18:27:45+05:30,0.54495,53.33,d3,2025-10-08 18:27:45+05:30,19.377175884626716,-0.014911265557009584,0,,normal,0,,normal,normal,0,0,0,0,0,0
1759928266.0,2025-10-08T18:27:46+05:30,0.68695,53.33,d3,2025-10-08 18:27:46+05:30,13.426986089948066,-0.014916436882541073,0,,normal,0,,normal,normal,0,0,0,0,0,0
1759928267.0,2025-10-08T18:27:47+05:30,0.76695,62.78,d3,2025-10-08 18:27:47+05:30,24.80933730649173,-0.0149065444512934,0,,normal,0,,normal,normal,0,0,0,0,0,0
1759928268.0,2025-10-08T18:27:48+05:30,0.75995,62.22,d3,2025-10-08 18:27:48+05:30,20.513756394259453,-0.014910277751912459,0,,normal,0,,normal,normal,0,0,0,0,0,0
1759928269.0,2025-10-08T18:27:49+05:30,0.63495,53.33,d3,2025-10-08 18:27:49+05:30,19.015439151825237,-0.01491157994335129,0,,normal,0,,normal,normal,0,0,0,0,0,0
1759928270.0,2025-10-08T18:27:50+05:30,0.76795,62.78,d3,2025-10-08 18:27:50+05:30,24.124488428405936,-0.01490713965524666,0,,normal,0,,normal,normal,0,0,0,0,0,0
